Date,Metcalfe's Law - TX
1/10/2009,0
1/11/2009,0
1/12/2009,0
1/13/2009,0
1/14/2009,0
1/15/2009,0
1/16/2009,0
1/17/2009,0
1/18/2009,0
1/19/2009,0
1/20/2009,0
1/21/2009,0
1/22/2009,0
1/23/2009,0
1/24/2009,0
1/25/2009,0
1/26/2009,0
1/27/2009,0
1/28/2009,0
1/29/2009,0
1/30/2009,0
1/31/2009,0
2/1/2009,0
2/2/2009,0
2/3/2009,0
2/4/2009,0
2/5/2009,0
2/6/2009,0
2/7/2009,0
2/8/2009,0
2/9/2009,0
2/10/2009,0
2/11/2009,0
2/12/2009,0
2/13/2009,0
2/14/2009,0
2/15/2009,0
2/16/2009,0
2/17/2009,0
2/18/2009,0
2/19/2009,0
2/20/2009,0
2/21/2009,0
2/22/2009,0
2/23/2009,0
2/24/2009,0
2/25/2009,0
2/26/2009,0
2/27/2009,0
2/28/2009,0
3/1/2009,0
3/2/2009,0
3/3/2009,0
3/4/2009,0
3/5/2009,0
3/6/2009,0
3/7/2009,0
3/8/2009,0
3/9/2009,0
3/10/2009,0
3/11/2009,0
3/12/2009,0
3/13/2009,0
3/14/2009,0
3/15/2009,0
3/16/2009,0
3/17/2009,0
3/18/2009,0
3/19/2009,0
3/20/2009,0
3/21/2009,0
3/22/2009,0
3/23/2009,0
3/24/2009,0
3/25/2009,0
3/26/2009,0
3/27/2009,0
3/28/2009,0
3/29/2009,0
3/30/2009,0
3/31/2009,0
4/1/2009,0
4/2/2009,0
4/3/2009,0
4/4/2009,0
4/5/2009,0
4/6/2009,0
4/7/2009,0
4/8/2009,0
4/9/2009,0
4/10/2009,0
4/11/2009,0
4/12/2009,0
4/13/2009,0
4/14/2009,0
4/15/2009,0
4/16/2009,0
4/17/2009,0
4/18/2009,0
4/19/2009,0
4/20/2009,0
4/21/2009,0
4/22/2009,0
4/23/2009,0
4/24/2009,0
4/25/2009,0
4/26/2009,0
4/27/2009,0
4/28/2009,0
4/29/2009,0
4/30/2009,0
5/1/2009,0
5/2/2009,0
5/3/2009,0
5/4/2009,0
5/5/2009,0
5/6/2009,0
5/7/2009,0
5/8/2009,0
5/9/2009,0
5/10/2009,0
5/11/2009,0
5/12/2009,0
5/13/2009,0
5/14/2009,0
5/15/2009,0
5/16/2009,0
5/17/2009,0
5/18/2009,0
5/19/2009,0
5/20/2009,0
5/21/2009,0
5/22/2009,0
5/23/2009,0
5/24/2009,0
5/25/2009,0
5/26/2009,0
5/27/2009,0
5/28/2009,0
5/29/2009,0
5/30/2009,0
5/31/2009,0
6/1/2009,0
6/2/2009,0
6/3/2009,0
6/4/2009,0
6/5/2009,0
6/6/2009,0
6/7/2009,0
6/8/2009,0
6/9/2009,0
6/10/2009,0
6/11/2009,0
6/12/2009,0
6/13/2009,0
6/14/2009,0
6/15/2009,0
6/16/2009,0
6/17/2009,0
6/18/2009,0
6/19/2009,0
6/20/2009,0
6/21/2009,0
6/22/2009,0
6/23/2009,0
6/24/2009,0
6/25/2009,0
6/26/2009,0
6/27/2009,0
6/28/2009,0
6/29/2009,0
6/30/2009,0
7/1/2009,0
7/2/2009,0
7/3/2009,0
7/4/2009,0
7/5/2009,0
7/6/2009,0
7/7/2009,0
7/8/2009,0
7/9/2009,0
7/10/2009,0
7/11/2009,0
7/12/2009,0
7/13/2009,0
7/14/2009,0
7/15/2009,0
7/16/2009,0
7/17/2009,0
7/18/2009,0
7/19/2009,0
7/20/2009,0
7/21/2009,0
7/22/2009,0
7/23/2009,0
7/24/2009,0
7/25/2009,0
7/26/2009,0
7/27/2009,0
7/28/2009,0
7/29/2009,0
7/30/2009,0
7/31/2009,0
8/1/2009,0
8/2/2009,0
8/3/2009,0
8/4/2009,0
8/5/2009,0
8/6/2009,0
8/7/2009,0
8/8/2009,0
8/9/2009,0
8/10/2009,0
8/11/2009,0
8/12/2009,0
8/13/2009,0
8/14/2009,0
8/15/2009,0
8/16/2009,0
8/17/2009,0
8/18/2009,0
8/19/2009,0
8/20/2009,0
8/21/2009,0
8/22/2009,0
8/23/2009,0
8/24/2009,0
8/25/2009,0
8/26/2009,0
8/27/2009,0
8/28/2009,0
8/29/2009,0
8/30/2009,0
8/31/2009,0
9/1/2009,0
9/2/2009,0
9/3/2009,0
9/4/2009,0
9/5/2009,0
9/6/2009,0
9/7/2009,0
9/8/2009,0
9/9/2009,0
9/10/2009,0
9/11/2009,0
9/12/2009,0
9/13/2009,0
9/14/2009,0
9/15/2009,0
9/16/2009,0
9/17/2009,0
9/18/2009,0
9/19/2009,0
9/20/2009,0
9/21/2009,0
9/22/2009,0
9/23/2009,0
9/24/2009,0
9/25/2009,0
9/26/2009,0
9/27/2009,0
9/28/2009,0
9/29/2009,0
9/30/2009,0
10/1/2009,0
10/2/2009,0
10/3/2009,0
10/4/2009,0
10/5/2009,0
10/6/2009,0
10/7/2009,0
10/8/2009,0
10/9/2009,0
10/10/2009,0
10/11/2009,0
10/12/2009,0
10/13/2009,0
10/14/2009,0
10/15/2009,0
10/16/2009,0
10/17/2009,0
10/18/2009,0
10/19/2009,0
10/20/2009,0
10/21/2009,0
10/22/2009,0
10/23/2009,0
10/24/2009,0
10/25/2009,0
10/26/2009,0
10/27/2009,0
10/28/2009,0
10/29/2009,0
10/30/2009,0
10/31/2009,0
11/1/2009,0
11/2/2009,0
11/3/2009,0
11/4/2009,0
11/5/2009,0
11/6/2009,0
11/7/2009,0
11/8/2009,0
11/9/2009,0
11/10/2009,0
11/11/2009,0
11/12/2009,0
11/13/2009,0
11/14/2009,0
11/15/2009,0
11/16/2009,0
11/17/2009,0
11/18/2009,0
11/19/2009,0
11/20/2009,0
11/21/2009,0
11/22/2009,0
11/23/2009,0
11/24/2009,0
11/25/2009,0
11/26/2009,0
11/27/2009,0
11/28/2009,0
11/29/2009,0
11/30/2009,0
12/1/2009,0
12/2/2009,0
12/3/2009,0
12/4/2009,0
12/5/2009,0
12/6/2009,0
12/7/2009,0
12/8/2009,0
12/9/2009,0
12/10/2009,0
12/11/2009,0
12/12/2009,0
12/13/2009,0
12/14/2009,0
12/15/2009,0
12/16/2009,0
12/17/2009,0
12/18/2009,0
12/19/2009,0
12/20/2009,0
12/21/2009,0
12/22/2009,0
12/23/2009,0
12/24/2009,0
12/25/2009,0
12/26/2009,0
12/27/2009,0
12/28/2009,0
12/29/2009,0
12/30/2009,0
12/31/2009,0
1/1/2010,0
1/2/2010,0
1/3/2010,0
1/4/2010,0
1/5/2010,0
1/6/2010,0
1/7/2010,0
1/8/2010,0
1/9/2010,0
1/10/2010,0
1/11/2010,0
1/12/2010,0
1/13/2010,0
1/14/2010,0
1/15/2010,0
1/16/2010,0
1/17/2010,0
1/18/2010,0
1/19/2010,0
1/20/2010,0
1/21/2010,0
1/22/2010,0
1/23/2010,0
1/24/2010,0
1/25/2010,0
1/26/2010,0
1/27/2010,0
1/28/2010,0
1/29/2010,0
1/30/2010,0
1/31/2010,0
2/1/2010,0
2/2/2010,0
2/3/2010,0
2/4/2010,0
2/5/2010,0
2/6/2010,0
2/7/2010,0
2/8/2010,0
2/9/2010,0
2/10/2010,0
2/11/2010,0
2/12/2010,0
2/13/2010,0
2/14/2010,0
2/15/2010,0
2/16/2010,0
2/17/2010,0
2/18/2010,0
2/19/2010,0
2/20/2010,0
2/21/2010,0
2/22/2010,0
2/23/2010,0
2/24/2010,0
2/25/2010,0
2/26/2010,0
2/27/2010,0
2/28/2010,0
3/1/2010,0
3/2/2010,0
3/3/2010,0
3/4/2010,0
3/5/2010,0
3/6/2010,0
3/7/2010,0
3/8/2010,0
3/9/2010,0
3/10/2010,0
3/11/2010,0
3/12/2010,0
3/13/2010,0
3/14/2010,0
3/15/2010,0
3/16/2010,0
3/17/2010,0
3/18/2010,0
3/19/2010,0
3/20/2010,0
3/21/2010,0
3/22/2010,0
3/23/2010,0
3/24/2010,0
3/25/2010,0
3/26/2010,0
3/27/2010,0
3/28/2010,0
3/29/2010,0
3/30/2010,0
3/31/2010,0
4/1/2010,0
4/2/2010,0
4/3/2010,0
4/4/2010,0
4/5/2010,0
4/6/2010,0
4/7/2010,0
4/8/2010,0
4/9/2010,0
4/10/2010,0
4/11/2010,0
4/12/2010,0
4/13/2010,0
4/14/2010,0
4/15/2010,0
4/16/2010,0
4/17/2010,0
4/18/2010,0
4/19/2010,0
4/20/2010,0
4/21/2010,0
4/22/2010,0
4/23/2010,0
4/24/2010,0
4/25/2010,0
4/26/2010,0
4/27/2010,0
4/28/2010,0
4/29/2010,0
4/30/2010,0
5/1/2010,0
5/2/2010,0
5/3/2010,0
5/4/2010,0
5/5/2010,0
5/6/2010,0
5/7/2010,0
5/8/2010,0
5/9/2010,0
5/10/2010,0
5/11/2010,0
5/12/2010,0
5/13/2010,0
5/14/2010,0
5/15/2010,0
5/16/2010,0
5/17/2010,0
5/18/2010,0
5/19/2010,0
5/20/2010,0
5/21/2010,0
5/22/2010,0
5/23/2010,0
5/24/2010,0
5/25/2010,0
5/26/2010,0
5/27/2010,0
5/28/2010,0
5/29/2010,0
5/30/2010,0
5/31/2010,0
6/1/2010,0
6/2/2010,0
6/3/2010,0
6/4/2010,0
6/5/2010,0
6/6/2010,0
6/7/2010,0
6/8/2010,0
6/9/2010,0
6/10/2010,0
6/11/2010,0
6/12/2010,0
6/13/2010,0
6/14/2010,0
6/15/2010,0
6/16/2010,0
6/17/2010,0
6/18/2010,0
6/19/2010,0
6/20/2010,0
6/21/2010,0
6/22/2010,0
6/23/2010,0
6/24/2010,0
6/25/2010,0
6/26/2010,0
6/27/2010,0
6/28/2010,0
6/29/2010,0
6/30/2010,0
7/1/2010,0
7/2/2010,0
7/3/2010,0
7/4/2010,0
7/5/2010,0
7/6/2010,0
7/7/2010,0
7/8/2010,0
7/9/2010,0
7/10/2010,0
7/11/2010,0
7/12/2010,0
7/13/2010,0
7/14/2010,0
7/15/2010,0
7/16/2010,0
7/17/2010,0
7/18/2010,0.45
7/19/2010,0.73
7/20/2010,0.65
7/21/2010,0.48
7/22/2010,0.66
7/23/2010,0.58
7/24/2010,0.55
7/25/2010,0.19
7/26/2010,0.08
7/27/2010,0.48
7/28/2010,0.54
7/29/2010,0.06
7/30/2010,0.3
7/31/2010,0.86
8/1/2010,0.95
8/2/2010,0.65
8/3/2010,0.58
8/4/2010,0.33
8/5/2010,0.52
8/6/2010,0.43
8/7/2010,0.65
8/8/2010,0.92
8/9/2010,0.59
8/10/2010,0.63
8/11/2010,0.81
8/12/2010,0.64
8/13/2010,0.61
8/14/2010,0.57
8/15/2010,0.61
8/16/2010,0.82
8/17/2010,0.59
8/18/2010,0.88
8/19/2010,0.75
8/20/2010,0.86
8/21/2010,0.63
8/22/2010,0.81
8/23/2010,0.75
8/24/2010,0.74
8/25/2010,0.71
8/26/2010,0.75
8/27/2010,0.74
8/28/2010,0.97
8/29/2010,0.7
8/30/2010,0.9
8/31/2010,0.86
9/1/2010,0.52
9/2/2010,0.59
9/3/2010,0.8
9/4/2010,0.75
9/5/2010,0.89
9/6/2010,0.78
9/7/2010,0.86
9/8/2010,0.88
9/9/2010,0.7
9/10/2010,0.7
9/11/2010,0.68
9/12/2010,0.8
9/13/2010,0.62
9/14/2010,0.52
9/15/2010,0.53
9/16/2010,0.53
9/17/2010,0.53
9/18/2010,0.65
9/19/2010,0.57
9/20/2010,0.66
9/21/2010,0.47
9/22/2010,0.26
9/23/2010,0.3
9/24/2010,0.34
9/25/2010,0.45
9/26/2010,0.41
9/27/2010,0.56
9/28/2010,0.38
9/29/2010,0.45
9/30/2010,0.21
10/1/2010,0.65
10/2/2010,0.36
10/3/2010,0.44
10/4/2010,0.66
10/5/2010,0.56
10/6/2010,0.63
10/7/2010,0.57
10/8/2010,0.8
10/9/2010,0.97
10/10/2010,0.86
10/11/2010,1.07
10/12/2010,1.15
10/13/2010,1.01
10/14/2010,1.18
10/15/2010,1.07
10/16/2010,1.33
10/17/2010,0.85
10/18/2010,0.82
10/19/2010,0.63
10/20/2010,0.36
10/21/2010,0.47
10/22/2010,0.75
10/23/2010,0.67
10/24/2010,0.79
10/25/2010,0.8
10/26/2010,1.3
10/27/2010,1.13
10/28/2010,1.22
10/29/2010,1.35
10/30/2010,1.56
10/31/2010,1.79
11/1/2010,2.48
11/2/2010,2.19
11/3/2010,2.81
11/4/2010,2.16
11/5/2010,2.41
11/6/2010,2.15
11/7/2010,3.44
11/8/2010,2.92
11/9/2010,2
11/10/2010,2.24
11/11/2010,2.12
11/12/2010,2.17
11/13/2010,3.84
11/14/2010,3.24
11/15/2010,2.54
11/16/2010,0.13
11/17/2010,0.07
11/18/2010,2.19
11/19/2010,0.39
11/20/2010,0.07
11/21/2010,0.08
11/22/2010,0.07
11/23/2010,3.02
11/24/2010,3.44
11/25/2010,0.19
11/26/2010,0.15
11/27/2010,0.7
11/28/2010,2.38
11/29/2010,2.33
11/30/2010,1.98
12/1/2010,1.7
12/2/2010,1.59
12/3/2010,2.11
12/4/2010,2.5
12/5/2010,2
12/6/2010,1.76
12/7/2010,1.6
12/8/2010,1.4
12/9/2010,1.7
12/10/2010,1.57
12/11/2010,2.07
12/12/2010,1.48
12/13/2010,1.2
12/14/2010,1.2
12/15/2010,1.33
12/16/2010,1.34
12/17/2010,1.73
12/18/2010,2.04
12/19/2010,1.81
12/20/2010,1.58
12/21/2010,0.98
12/22/2010,1.42
12/23/2010,1.31
12/24/2010,1.82
12/25/2010,1.74
12/26/2010,1.41
12/27/2010,1.61
12/28/2010,1.81
12/29/2010,1.55
12/30/2010,2
12/31/2010,1.93
1/1/2011,2.02
1/2/2011,1.63
1/3/2011,1.82
1/4/2011,0.85
1/5/2011,1.02
1/6/2011,0.73
1/7/2011,1.61
1/8/2011,1.01
1/9/2011,0.73
1/10/2011,0.84
1/11/2011,0.79
1/12/2011,0.77
1/13/2011,0.93
1/14/2011,0.85
1/15/2011,1.02
1/16/2011,1.37
1/17/2011,1.46
1/18/2011,1.43
1/19/2011,1.29
1/20/2011,1.17
1/21/2011,1.33
1/22/2011,1.16
1/23/2011,0.99
1/24/2011,1.34
1/25/2011,1
1/26/2011,1.64
1/27/2011,1.39
1/28/2011,1.74
1/29/2011,1.29
1/30/2011,1.07
1/31/2011,0.49
2/1/2011,1.37
2/2/2011,2.35
2/3/2011,2.76
2/4/2011,3.01
2/5/2011,3.02
2/6/2011,3.45
2/7/2011,3.52
2/8/2011,3.36
2/9/2011,3.52
2/10/2011,2.67
2/11/2011,1.44
2/12/2011,1.3
2/13/2011,1.69
2/14/2011,1.79
2/15/2011,1.6
2/16/2011,1.44
2/17/2011,1.5
2/18/2011,1.36
2/19/2011,1.34
2/20/2011,1.82
2/21/2011,1.32
2/22/2011,1.27
2/23/2011,1.21
2/24/2011,1.17
2/25/2011,1.41
2/26/2011,1.37
2/27/2011,1.51
2/28/2011,1.18
3/1/2011,1.59
3/2/2011,0.96
3/3/2011,1.47
3/4/2011,0.83
3/5/2011,1.39
3/6/2011,1.35
3/7/2011,1.28
3/8/2011,1.4
3/9/2011,1.04
3/10/2011,1.46
3/11/2011,1.65
3/12/2011,1.47
3/13/2011,0.87
3/14/2011,0.99
3/15/2011,0.98
3/16/2011,0.89
3/17/2011,0.73
3/18/2011,0.75
3/19/2011,0.85
3/20/2011,0.73
3/21/2011,0.55
3/22/2011,0.34
3/23/2011,1.02
3/24/2011,0.53
3/25/2011,1.19
3/26/2011,1.33
3/27/2011,0.74
3/28/2011,0.98
3/29/2011,0.74
3/30/2011,0.92
3/31/2011,1.45
4/1/2011,1.13
4/2/2011,1.56
4/3/2011,1.33
4/4/2011,1.34
4/5/2011,0.86
4/6/2011,1
4/7/2011,1.2
4/8/2011,1.39
4/9/2011,1.29
4/10/2011,1.34
4/11/2011,1.31
4/12/2011,1.19
4/13/2011,1.27
4/14/2011,1.14
4/15/2011,0.91
4/16/2011,1.51
4/17/2011,1.67
4/18/2011,1.43
4/19/2011,1.07
4/20/2011,0.94
4/21/2011,1.12
4/22/2011,1.92
4/23/2011,1.95
4/24/2011,2.08
4/25/2011,1.98
4/26/2011,1.82
4/27/2011,1.44
4/28/2011,1.13
4/29/2011,2.05
4/30/2011,2.12
5/1/2011,2.12
5/2/2011,2.2
5/3/2011,2.98
5/4/2011,3.26
5/5/2011,3.6
5/6/2011,2.72
5/7/2011,2.96
5/8/2011,2.66
5/9/2011,3.67
5/10/2011,3.08
5/11/2011,4.87
5/12/2011,5
5/13/2011,5.11
5/14/2011,5.34
5/15/2011,4.64
5/16/2011,5.02
5/17/2011,5.07
5/18/2011,4.54
5/19/2011,3.3
5/20/2011,4.09
5/21/2011,3.33
5/22/2011,3.34
5/23/2011,3.33
5/24/2011,3.29
5/25/2011,3.34
5/26/2011,3.36
5/27/2011,3.31
5/28/2011,4.79
5/29/2011,4.55
5/30/2011,4.68
5/31/2011,4.44
6/1/2011,3.83
6/2/2011,3.76
6/3/2011,3.79
6/4/2011,4.17
6/5/2011,5
6/6/2011,5.09
6/7/2011,4.75
6/8/2011,6.04
6/9/2011,6
6/10/2011,5.79
6/11/2011,5.29
6/12/2011,3.67
6/13/2011,3.37
6/14/2011,4.52
6/15/2011,3.26
6/16/2011,3.78
6/17/2011,3.45
6/18/2011,3.35
6/19/2011,3.56
6/20/2011,3.73
6/21/2011,3.96
6/22/2011,4.44
6/23/2011,3.76
6/24/2011,4.21
6/25/2011,3.92
6/26/2011,4.52
6/27/2011,3.87
6/28/2011,3.6
6/29/2011,3.94
6/30/2011,4.24
7/1/2011,4.3
7/2/2011,3.61
7/3/2011,5.03
7/4/2011,4.7
7/5/2011,3.63
7/6/2011,3.58
7/7/2011,3.54
7/8/2011,4.19
7/9/2011,4.27
7/10/2011,4.78
7/11/2011,4.39
7/12/2011,3.45
7/13/2011,4.33
7/14/2011,3.9
7/15/2011,4.03
7/16/2011,4.29
7/17/2011,3.99
7/18/2011,4.05
7/19/2011,3.78
7/20/2011,3.84
7/21/2011,3.93
7/22/2011,4.3
7/23/2011,3.81
7/24/2011,4.81
7/25/2011,4.17
7/26/2011,3.82
7/27/2011,4.32
7/28/2011,4.45
7/29/2011,4.24
7/30/2011,4.81
7/31/2011,5.86
8/1/2011,4.14
8/2/2011,3.95
8/3/2011,3.66
8/4/2011,3.24
8/5/2011,3.27
8/6/2011,3.36
8/7/2011,2.96
8/8/2011,3.02
8/9/2011,2.72
8/10/2011,2.71
8/11/2011,3.11
8/12/2011,3.2
8/13/2011,3.36
8/14/2011,3.38
8/15/2011,3.74
8/16/2011,3.52
8/17/2011,2.85
8/18/2011,3.64
8/19/2011,3.66
8/20/2011,3.97
8/21/2011,4.2
8/22/2011,3.86
8/23/2011,3.56
8/24/2011,3.95
8/25/2011,3.75
8/26/2011,3.56
8/27/2011,2.91
8/28/2011,3.53
8/29/2011,4.39
8/30/2011,2.76
8/31/2011,2.94
9/1/2011,2.93
9/2/2011,3.03
9/3/2011,3.08
9/4/2011,3.84
9/5/2011,2.92
9/6/2011,2.83
9/7/2011,2.18
9/8/2011,2.66
9/9/2011,2.67
9/10/2011,1.85
9/11/2011,2.14
9/12/2011,2.37
9/13/2011,2.54
9/14/2011,2.31
9/15/2011,2.33
9/16/2011,2.02
9/17/2011,2.03
9/18/2011,2.37
9/19/2011,2.27
9/20/2011,2.06
9/21/2011,1.95
9/22/2011,1.85
9/23/2011,2.37
9/24/2011,2.34
9/25/2011,2.52
9/26/2011,2.45
9/27/2011,2.34
9/28/2011,2.11
9/29/2011,2.09
9/30/2011,2.36
10/1/2011,2.26
10/2/2011,2.47
10/3/2011,2.66
10/4/2011,1.99
10/5/2011,2.37
10/6/2011,2.24
10/7/2011,2.11
10/8/2011,1.98
10/9/2011,2.01
10/10/2011,1.99
10/11/2011,1.86
10/12/2011,1.72
10/13/2011,1.88
10/14/2011,2.24
10/15/2011,1.73
10/16/2011,1.85
10/17/2011,1.96
10/18/2011,1.24
10/19/2011,1.35
10/20/2011,1.24
10/21/2011,1.37
10/22/2011,1.32
10/23/2011,1.52
10/24/2011,1.49
10/25/2011,1.26
10/26/2011,1.43
10/27/2011,1.37
10/28/2011,1.71
10/29/2011,1.76
10/30/2011,1.63
10/31/2011,1.91
11/1/2011,1.65
11/2/2011,1.44
11/3/2011,1.42
11/4/2011,1.31
11/5/2011,1.3
11/6/2011,1.37
11/7/2011,1.59
11/8/2011,1.42
11/9/2011,1.36
11/10/2011,1.16
11/11/2011,1.18
11/12/2011,1.57
11/13/2011,1.72
11/14/2011,1.4
11/15/2011,1.14
11/16/2011,0.95
11/17/2011,1.1
11/18/2011,1.21
11/19/2011,1.11
11/20/2011,1.27
11/21/2011,1.2
11/22/2011,1.23
11/23/2011,1.15
11/24/2011,1.13
11/25/2011,1.3
11/26/2011,1.23
11/27/2011,1.44
11/28/2011,1.31
11/29/2011,1.13
11/30/2011,1.11
12/1/2011,1.13
12/2/2011,1.23
12/3/2011,1.36
12/4/2011,1.3
12/5/2011,1.44
12/6/2011,1.2
12/7/2011,0.97
12/8/2011,1.27
12/9/2011,1.37
12/10/2011,1.43
12/11/2011,1.42
12/12/2011,1.67
12/13/2011,1.7
12/14/2011,1.67
12/15/2011,1.46
12/16/2011,1.67
12/17/2011,1.7
12/18/2011,1.84
12/19/2011,1.83
12/20/2011,1.6
12/21/2011,1.62
12/22/2011,1.88
12/23/2011,1.74
12/24/2011,1.91
12/25/2011,2.29
12/26/2011,2.11
12/27/2011,1.88
12/28/2011,2.13
12/29/2011,2.19
12/30/2011,2.21
12/31/2011,2.26
1/1/2012,2.42
1/2/2012,2.83
1/3/2012,2.52
1/4/2012,2.29
1/5/2012,2.42
1/6/2012,2.46
1/7/2012,2.7
1/8/2012,2.91
1/9/2012,2.97
1/10/2012,2.7
1/11/2012,2.6
1/12/2012,2.45
1/13/2012,2.59
1/14/2012,2.55
1/15/2012,2.51
1/16/2012,2.98
1/17/2012,2.5
1/18/2012,2.23
1/19/2012,2.38
1/20/2012,2.36
1/21/2012,2.51
1/22/2012,2.6
1/23/2012,3.15
1/24/2012,2.66
1/25/2012,2.22
1/26/2012,1.85
1/27/2012,2.29
1/28/2012,2.22
1/29/2012,2.46
1/30/2012,2.24
1/31/2012,2.4
2/1/2012,2.02
2/2/2012,2.35
2/3/2012,2.24
2/4/2012,2.15
2/5/2012,2.09
2/6/2012,2.2
2/7/2012,2.35
2/8/2012,2.13
2/9/2012,2.04
2/10/2012,1.99
2/11/2012,1.73
2/12/2012,1.92
2/13/2012,2.08
2/14/2012,1.67
2/15/2012,1.19
2/16/2012,1.18
2/17/2012,1.16
2/18/2012,1.73
2/19/2012,1.72
2/20/2012,1.99
2/21/2012,1.74
2/22/2012,1.82
2/23/2012,1.61
2/24/2012,1.54
2/25/2012,1.87
2/26/2012,2.05
2/27/2012,2.29
2/28/2012,1.87
2/29/2012,1.92
3/1/2012,1.83
3/2/2012,1.89
3/3/2012,1.59
3/4/2012,2.33
3/5/2012,2
3/6/2012,1.83
3/7/2012,2.03
3/8/2012,1.95
3/9/2012,1.96
3/10/2012,1.94
3/11/2012,2.44
3/12/2012,2.63
3/13/2012,1.99
3/14/2012,1.84
3/15/2012,2.03
3/16/2012,2.19
3/17/2012,2.05
3/18/2012,1.95
3/19/2012,2.29
3/20/2012,1.86
3/21/2012,1.91
3/22/2012,1.79
3/23/2012,1.87
3/24/2012,2.02
3/25/2012,1.93
3/26/2012,1.94
3/27/2012,1.77
3/28/2012,1.88
3/29/2012,1.77
3/30/2012,1.58
3/31/2012,1.86
4/1/2012,2.07
4/2/2012,2.3
4/3/2012,1.99
4/4/2012,1.65
4/5/2012,1.76
4/6/2012,1.82
4/7/2012,1.92
4/8/2012,2.11
4/9/2012,2.16
4/10/2012,1.89
4/11/2012,1.44
4/12/2012,1.54
4/13/2012,1.57
4/14/2012,1.73
4/15/2012,1.59
4/16/2012,1.78
4/17/2012,1.47
4/18/2012,1.61
4/19/2012,1.52
4/20/2012,1.69
4/21/2012,1.63
4/22/2012,1.86
4/23/2012,2.2
4/24/2012,1.78
4/25/2012,1.72
4/26/2012,1.76
4/27/2012,1.24
4/28/2012,1.89
4/29/2012,1.72
4/30/2012,1.62
5/1/2012,1.34
5/2/2012,1.19
5/3/2012,1.28
5/4/2012,0.88
5/5/2012,0.84
5/6/2012,0.98
5/7/2012,1.11
5/8/2012,0.64
5/9/2012,0.68
5/10/2012,0.67
5/11/2012,0.88
5/12/2012,0.68
5/13/2012,0.63
5/14/2012,0.77
5/15/2012,0.39
5/16/2012,0.5
5/17/2012,0.71
5/18/2012,0.68
5/19/2012,0.48
5/20/2012,0.3
5/21/2012,0.39
5/22/2012,0.35
5/23/2012,0.48
5/24/2012,0.43
5/25/2012,0.43
5/26/2012,0.39
5/27/2012,0.51
5/28/2012,0.43
5/29/2012,0.38
5/30/2012,0.38
5/31/2012,0.46
6/1/2012,0.58
6/2/2012,0.44
6/3/2012,0.97
6/4/2012,0.33
6/5/2012,0.24
6/6/2012,0.27
6/7/2012,0.74
6/8/2012,0.37
6/9/2012,0.53
6/10/2012,0.37
6/11/2012,0.3
6/12/2012,0.37
6/13/2012,0.66
6/14/2012,0.23
6/15/2012,0.2
6/16/2012,0.24
6/17/2012,0.33
6/18/2012,0.31
6/19/2012,0.36
6/20/2012,0.38
6/21/2012,0.45
6/22/2012,0.56
6/23/2012,0.67
6/24/2012,0.66
6/25/2012,0.66
6/26/2012,0.49
6/27/2012,0.47
6/28/2012,0.48
6/29/2012,0.55
6/30/2012,0.65
7/1/2012,0.69
7/2/2012,0.79
7/3/2012,0.6
7/4/2012,0.7
7/5/2012,0.64
7/6/2012,0.69
7/7/2012,0.62
7/8/2012,0.6
7/9/2012,0.78
7/10/2012,0.61
7/11/2012,0.45
7/12/2012,0.51
7/13/2012,0.69
7/14/2012,0.72
7/15/2012,0.78
7/16/2012,0.64
7/17/2012,0.58
7/18/2012,0.53
7/19/2012,0.61
7/20/2012,0.64
7/21/2012,0.51
7/22/2012,0.56
7/23/2012,0.51
7/24/2012,0.62
7/25/2012,0.66
7/26/2012,0.75
7/27/2012,0.64
7/28/2012,0.73
7/29/2012,0.56
7/30/2012,0.56
7/31/2012,0.58
8/1/2012,0.47
8/2/2012,0.7
8/3/2012,0.7
8/4/2012,0.9
8/5/2012,0.83
8/6/2012,0.7
8/7/2012,0.67
8/8/2012,0.85
8/9/2012,0.61
8/10/2012,0.81
8/11/2012,0.92
8/12/2012,0.77
8/13/2012,0.74
8/14/2012,0.52
8/15/2012,0.76
8/16/2012,0.51
8/17/2012,0.63
8/18/2012,0.63
8/19/2012,0.7
8/20/2012,0.5
8/21/2012,0.59
8/22/2012,0.49
8/23/2012,0.61
8/24/2012,0.71
8/25/2012,0.72
8/26/2012,0.69
8/27/2012,0.8
8/28/2012,0.72
8/29/2012,0.81
8/30/2012,0.71
8/31/2012,0.7
9/1/2012,0.53
9/2/2012,0.55
9/3/2012,0.67
9/4/2012,0.58
9/5/2012,0.58
9/6/2012,0.57
9/7/2012,0.56
9/8/2012,0.73
9/9/2012,0.78
9/10/2012,0.77
9/11/2012,0.73
9/12/2012,0.63
9/13/2012,0.93
9/14/2012,0.87
9/15/2012,0.7
9/16/2012,0.96
9/17/2012,0.98
9/18/2012,1.07
9/19/2012,0.84
9/20/2012,0.86
9/21/2012,0.87
9/22/2012,0.91
9/23/2012,1.27
9/24/2012,0.97
9/25/2012,0.94
9/26/2012,1.05
9/27/2012,0.88
9/28/2012,1
9/29/2012,0.78
9/30/2012,1.27
10/1/2012,1.36
10/2/2012,1.15
10/3/2012,0.85
10/4/2012,1.07
10/5/2012,0.85
10/6/2012,0.8
10/7/2012,0.8
10/8/2012,0.78
10/9/2012,0.65
10/10/2012,0.75
10/11/2012,0.85
10/12/2012,1.02
10/13/2012,0.94
10/14/2012,0.78
10/15/2012,0.97
10/16/2012,0.83
10/17/2012,0.77
10/18/2012,0.81
10/19/2012,0.96
10/20/2012,1.03
10/21/2012,0.87
10/22/2012,0.61
10/23/2012,0.58
10/24/2012,0.82
10/25/2012,0.78
10/26/2012,0.95
10/27/2012,1.09
10/28/2012,1.5
10/29/2012,1.38
10/30/2012,1.1
10/31/2012,0.77
11/1/2012,0.93
11/2/2012,1.03
11/3/2012,0.81
11/4/2012,0.98
11/5/2012,1.02
11/6/2012,0.73
11/7/2012,0.74
11/8/2012,0.67
11/9/2012,0.75
11/10/2012,0.98
11/11/2012,0.91
11/12/2012,1.03
11/13/2012,1.03
11/14/2012,0.94
11/15/2012,0.78
11/16/2012,0.66
11/17/2012,0.63
11/18/2012,0.82
11/19/2012,0.73
11/20/2012,0.71
11/21/2012,0.68
11/22/2012,0.67
11/23/2012,0.85
11/24/2012,0.85
11/25/2012,0.95
11/26/2012,0.76
11/27/2012,0.72
11/28/2012,1.01
11/29/2012,0.71
11/30/2012,0.74
12/1/2012,0.91
12/2/2012,0.85
12/3/2012,1.43
12/4/2012,1.29
12/5/2012,0.87
12/6/2012,0.86
12/7/2012,0.83
12/8/2012,0.9
12/9/2012,0.92
12/10/2012,0.93
12/11/2012,0.81
12/12/2012,0.8
12/13/2012,0.81
12/14/2012,0.71
12/15/2012,0.76
12/16/2012,0.9
12/17/2012,0.81
12/18/2012,0.7
12/19/2012,0.57
12/20/2012,0.63
12/21/2012,0.84
12/22/2012,0.65
12/23/2012,0.56
12/24/2012,0.76
12/25/2012,0.84
12/26/2012,0.99
12/27/2012,0.81
12/28/2012,0.66
12/29/2012,0.61
12/30/2012,0.76
12/31/2012,0.67
1/1/2013,0.97
1/2/2013,0.89
1/3/2013,0.77
1/4/2013,0.66
1/5/2013,0.61
1/6/2013,0.73
1/7/2013,0.9
1/8/2013,0.72
1/9/2013,0.77
1/10/2013,0.7
1/11/2013,0.57
1/12/2013,0.57
1/13/2013,0.66
1/14/2013,0.6
1/15/2013,0.71
1/16/2013,0.66
1/17/2013,0.6
1/18/2013,0.67
1/19/2013,0.67
1/20/2013,0.61
1/21/2013,0.82
1/22/2013,0.88
1/23/2013,0.88
1/24/2013,0.78
1/25/2013,0.81
1/26/2013,0.73
1/27/2013,0.7
1/28/2013,0.69
1/29/2013,0.74
1/30/2013,0.82
1/31/2013,1.03
2/1/2013,0.83
2/2/2013,0.75
2/3/2013,0.76
2/4/2013,0.71
2/5/2013,0.77
2/6/2013,0.8
2/7/2013,1.09
2/8/2013,0.72
2/9/2013,0.8
2/10/2013,0.86
2/11/2013,0.88
2/12/2013,0.88
2/13/2013,0.9
2/14/2013,0.92
2/15/2013,1.09
2/16/2013,1.04
2/17/2013,1.1
2/18/2013,1.14
2/19/2013,1.16
2/20/2013,1.14
2/21/2013,1.02
2/22/2013,1.11
2/23/2013,1.03
2/24/2013,1.08
2/25/2013,1.1
2/26/2013,0.91
2/27/2013,1.04
2/28/2013,1.06
3/1/2013,1.11
3/2/2013,1.11
3/3/2013,1.28
3/4/2013,1.36
3/5/2013,1.16
3/6/2013,1.54
3/7/2013,1.45
3/8/2013,1.28
3/9/2013,1.66
3/10/2013,1.74
3/11/2013,1.3
3/12/2013,1.71
3/13/2013,1.88
3/14/2013,1.74
3/15/2013,1.68
3/16/2013,1.58
3/17/2013,3.12
3/18/2013,2.92
3/19/2013,2.46
3/20/2013,2.66
3/21/2013,3
3/22/2013,2.64
3/23/2013,2.43
3/24/2013,2.55
3/25/2013,2.87
3/26/2013,3.47
3/27/2013,3.29
3/28/2013,3.53
3/29/2013,2.98
3/30/2013,3.05
3/31/2013,3.35
4/1/2013,4.58
4/2/2013,4.09
4/3/2013,3.73
4/4/2013,4.13
4/5/2013,4.43
4/6/2013,4.83
4/7/2013,5.79
4/8/2013,5.19
4/9/2013,6.17
4/10/2013,6.04
4/11/2013,5.47
4/12/2013,3.43
4/13/2013,3.43
4/14/2013,3.99
4/15/2013,3.46
4/16/2013,3.39
4/17/2013,2.07
4/18/2013,3.3
4/19/2013,4.39
4/20/2013,4.38
4/21/2013,5.63
4/22/2013,5.73
4/23/2013,5.65
4/24/2013,4.63
4/25/2013,4.64
4/26/2013,4.88
4/27/2013,5.08
4/28/2013,6.44
4/29/2013,6.71
4/30/2013,5.49
5/1/2013,6.33
5/2/2013,4.34
5/3/2013,4.1
5/4/2013,3.9
5/5/2013,4.64
5/6/2013,4.9
5/7/2013,4.62
5/8/2013,3.93
5/9/2013,4.75
5/10/2013,3.48
5/11/2013,3.59
5/12/2013,3.22
5/13/2013,3.66
5/14/2013,4.03
5/15/2013,3.52
5/16/2013,3.67
5/17/2013,3.94
5/18/2013,4.29
5/19/2013,4.95
5/20/2013,5.46
5/21/2013,5.28
5/22/2013,4.74
5/23/2013,4.95
5/24/2013,4.36
5/25/2013,5.02
5/26/2013,5.46
5/27/2013,7.07
5/28/2013,5.11
5/29/2013,4.6
5/30/2013,5.02
5/31/2013,4.8
6/1/2013,4.97
6/2/2013,5.05
6/3/2013,5.17
6/4/2013,4.43
6/5/2013,4.49
6/6/2013,4.46
6/7/2013,4.63
6/8/2013,4.53
6/9/2013,4.84
6/10/2013,4.76
6/11/2013,4.99
6/12/2013,4.7
6/13/2013,5.05
6/14/2013,5.13
6/15/2013,4.35
6/16/2013,6.11
6/17/2013,4.97
6/18/2013,4.65
6/19/2013,5.06
6/20/2013,4.87
6/21/2013,4.35
6/22/2013,5.05
6/23/2013,5.13
6/24/2013,5.91
6/25/2013,4.88
6/26/2013,5.02
6/27/2013,4.67
6/28/2013,4.82
6/29/2013,3.95
6/30/2013,5.74
7/1/2013,7.02
7/2/2013,4.87
7/3/2013,4.82
7/4/2013,4.88
7/5/2013,4.85
7/6/2013,4.04
7/7/2013,4.58
7/8/2013,5.12
7/9/2013,4.3
7/10/2013,3.97
7/11/2013,4.5
7/12/2013,4.36
7/13/2013,3.97
7/14/2013,5.37
7/15/2013,6.07
7/16/2013,5.55
7/17/2013,5.06
7/18/2013,5.06
7/19/2013,4.6
7/20/2013,5.32
7/21/2013,5.65
7/22/2013,5.47
7/23/2013,4.75
7/24/2013,5.05
7/25/2013,4.53
7/26/2013,4.76
7/27/2013,5.32
7/28/2013,5.54
7/29/2013,5.35
7/30/2013,5.15
7/31/2013,4.81
8/1/2013,4.43
8/2/2013,4.11
8/3/2013,4.02
8/4/2013,4.8
8/5/2013,4.87
8/6/2013,4.23
8/7/2013,3.88
8/8/2013,3.55
8/9/2013,3.56
8/10/2013,4
8/11/2013,4.01
8/12/2013,5.52
8/13/2013,4.21
8/14/2013,3.96
8/15/2013,4.33
8/16/2013,3.75
8/17/2013,2.92
8/18/2013,3.78
8/19/2013,3.87
8/20/2013,3.18
8/21/2013,3.7
8/22/2013,3.82
8/23/2013,3.58
8/24/2013,4.26
8/25/2013,4.58
8/26/2013,5.36
8/27/2013,4.36
8/28/2013,4.11
8/29/2013,3.84
8/30/2013,4.3
8/31/2013,4.31
9/1/2013,6.16
9/2/2013,6.03
9/3/2013,5.37
9/4/2013,5.35
9/5/2013,5.19
9/6/2013,4.17
9/7/2013,4.03
9/8/2013,5.08
9/9/2013,5.68
9/10/2013,4.48
9/11/2013,5.08
9/12/2013,5.66
9/13/2013,5.16
9/14/2013,6.22
9/15/2013,6.49
9/16/2013,5
9/17/2013,5.07
9/18/2013,3.93
9/19/2013,4.61
9/20/2013,4.4
9/21/2013,4.59
9/22/2013,5.08
9/23/2013,5.19
9/24/2013,3.98
9/25/2013,4.21
9/26/2013,4.81
9/27/2013,4.71
9/28/2013,6
9/29/2013,6.7
9/30/2013,6.97
10/1/2013,5.91
10/2/2013,4.58
10/3/2013,3.84
10/4/2013,4.27
10/5/2013,5.24
10/6/2013,5.88
10/7/2013,6.23
10/8/2013,5.83
10/9/2013,6.2
10/10/2013,5.28
10/11/2013,4.78
10/12/2013,5.51
10/13/2013,5.68
10/14/2013,5.65
10/15/2013,5.06
10/16/2013,5.29
10/17/2013,6.22
10/18/2013,6.53
10/19/2013,5.7
10/20/2013,6.18
10/21/2013,7.63
10/22/2013,6.34
10/23/2013,6.26
10/24/2013,7.52
10/25/2013,6.12
10/26/2013,6.48
10/27/2013,8.39
10/28/2013,9.27
10/29/2013,8.12
10/30/2013,8.54
10/31/2013,8.63
11/1/2013,7.61
11/2/2013,9.68
11/3/2013,11.13
11/4/2013,13.34
11/5/2013,10.45
11/6/2013,10.58
11/7/2013,10.12
11/8/2013,10.38
11/9/2013,11.66
11/10/2013,12.93
11/11/2013,12.47
11/12/2013,12.55
11/13/2013,12.91
11/14/2013,12.77
11/15/2013,12.35
11/16/2013,15.83
11/17/2013,20.46
11/18/2013,20.34
11/19/2013,16.15
11/20/2013,12.11
11/21/2013,17.47
11/22/2013,19.5
11/23/2013,20.43
11/24/2013,22.34
11/25/2013,26.58
11/26/2013,24.53
11/27/2013,20.84
11/28/2013,20.91
11/29/2013,21.21
11/30/2013,24.78
12/1/2013,30.35
12/2/2013,27.09
12/3/2013,27.68
12/4/2013,28.77
12/5/2013,27.5
12/6/2013,23.91
12/7/2013,22.74
12/8/2013,22.89
12/9/2013,36.44
12/10/2013,29.32
12/11/2013,28.27
12/12/2013,27.05
12/13/2013,33.09
12/14/2013,30.1
12/15/2013,34.16
12/16/2013,32.35
12/17/2013,20.79
12/18/2013,19.43
12/19/2013,14.07
12/20/2013,20.39
12/21/2013,19.18
12/22/2013,23.92
12/23/2013,25.45
12/24/2013,26.07
12/25/2013,25.1
12/26/2013,27.17
12/27/2013,30.8
12/28/2013,28.93
12/29/2013,33.16
12/30/2013,30.71
12/31/2013,28.99
1/1/2014,33.32
1/2/2014,39.12
1/3/2014,30.92
1/4/2014,27.82
1/5/2014,35.23
1/6/2014,34.86
1/7/2014,28.28
1/8/2014,28.18
1/9/2014,28.88
1/10/2014,29.81
1/11/2014,34.13
1/12/2014,33.66
1/13/2014,36.94
1/14/2014,32.64
1/15/2014,31.36
1/16/2014,28.68
1/17/2014,31.92
1/18/2014,28.89
1/19/2014,34.61
1/20/2014,38.43
1/21/2014,28.58
1/22/2014,24.44
1/23/2014,27.29
1/24/2014,27.66
1/25/2014,25
1/26/2014,34.09
1/27/2014,35.14
1/28/2014,25.36
1/29/2014,25.88
1/30/2014,28.84
1/31/2014,28.11
2/1/2014,29.34
2/2/2014,31.89
2/3/2014,34.4
2/4/2014,28.45
2/5/2014,25.51
2/6/2014,24.99
2/7/2014,23.2
2/8/2014,20.29
2/9/2014,22.38
2/10/2014,25.04
2/11/2014,21.18
2/12/2014,20.36
2/13/2014,22.39
2/14/2014,18.31
2/15/2014,18.33
2/16/2014,21.96
2/17/2014,22.18
2/18/2014,21.19
2/19/2014,19.88
2/20/2014,17.61
2/21/2014,16.91
2/22/2014,16.57
2/23/2014,21.85
2/24/2014,20.92
2/25/2014,15.05
2/26/2014,13.56
2/27/2014,16.53
2/28/2014,16.43
3/1/2014,16.39
3/2/2014,19
3/3/2014,20.25
3/4/2014,16.56
3/5/2014,16.22
3/6/2014,18.54
3/7/2014,19.59
3/8/2014,17.83
3/9/2014,19.71
3/10/2014,21.62
3/11/2014,17.98
3/12/2014,16.7
3/13/2014,17.1
3/14/2014,17.93
3/15/2014,18.67
3/16/2014,21.75
3/17/2014,22.11
3/18/2014,19.98
3/19/2014,23.15
3/20/2014,17.19
3/21/2014,16.48
3/22/2014,16.85
3/23/2014,17.23
3/24/2014,20.19
3/25/2014,17.15
3/26/2014,15.83
3/27/2014,17.89
3/28/2014,14.27
3/29/2014,16.24
3/30/2014,19.13
3/31/2014,17.74
4/1/2014,14.39
4/2/2014,15.26
4/3/2014,14.29
4/4/2014,13.45
4/5/2014,14.28
4/6/2014,17.54
4/7/2014,19.16
4/8/2014,13.99
4/9/2014,13.91
4/10/2014,14.09
4/11/2014,11.51
4/12/2014,13.41
4/13/2014,18.82
4/14/2014,17.3
4/15/2014,13.71
4/16/2014,13.91
4/17/2014,15.7
4/18/2014,15.61
4/19/2014,18.04
4/20/2014,19.76
4/21/2014,21.99
4/22/2014,16.9
4/23/2014,13.19
4/24/2014,13.15
4/25/2014,14.13
4/26/2014,12.86
4/27/2014,19.21
4/28/2014,17.59
4/29/2014,14.01
4/30/2014,14.24
5/1/2014,14.47
5/2/2014,15.94
5/3/2014,15.47
5/4/2014,17.08
5/5/2014,16.93
5/6/2014,13.8
5/7/2014,11.48
5/8/2014,12.88
5/9/2014,13.2
5/10/2014,13.89
5/11/2014,16.77
5/12/2014,17.16
5/13/2014,12.19
5/14/2014,13.33
5/15/2014,13.17
5/16/2014,12.09
5/17/2014,14.24
5/18/2014,17.48
5/19/2014,18.43
5/20/2014,15.54
5/21/2014,13.68
5/22/2014,14.47
5/23/2014,14.67
5/24/2014,14.45
5/25/2014,21.97
5/26/2014,20.58
5/27/2014,18.45
5/28/2014,16.88
5/29/2014,16.27
5/30/2014,18.98
5/31/2014,19.11
6/1/2014,25.66
6/2/2014,24.03
6/3/2014,20.59
6/4/2014,19.91
6/5/2014,19.87
6/6/2014,20.58
6/7/2014,21.95
6/8/2014,25.99
6/9/2014,29.37
6/10/2014,23.33
6/11/2014,20.74
6/12/2014,21.32
6/13/2014,19.82
6/14/2014,18.92
6/15/2014,22.49
6/16/2014,22.14
6/17/2014,18.09
6/18/2014,17.89
6/19/2014,19.9
6/20/2014,19.96
6/21/2014,21.67
6/22/2014,24.51
6/23/2014,25.07
6/24/2014,20.39
6/25/2014,18.91
6/26/2014,18.35
6/27/2014,19.75
6/28/2014,19.74
6/29/2014,23.3
6/30/2014,25.19
7/1/2014,18.63
7/2/2014,19.1
7/3/2014,20.41
7/4/2014,21.5
7/5/2014,22.12
7/6/2014,27.38
7/7/2014,25.52
7/8/2014,19.61
7/9/2014,18.5
7/10/2014,18.44
7/11/2014,20.44
7/12/2014,22.4
7/13/2014,24.77
7/14/2014,25.57
7/15/2014,20.16
7/16/2014,17.95
7/17/2014,19.4
7/18/2014,19.61
7/19/2014,20.32
7/20/2014,22.44
7/21/2014,24.54
7/22/2014,20.33
7/23/2014,19.07
7/24/2014,19.27
7/25/2014,18.95
7/26/2014,20.07
7/27/2014,21.95
7/28/2014,24.46
7/29/2014,18.64
7/30/2014,19.38
7/31/2014,18.05
8/1/2014,17.11
8/2/2014,18.62
8/3/2014,22.37
8/4/2014,22.7
8/5/2014,17.88
8/6/2014,16.03
8/7/2014,15.42
8/8/2014,17.44
8/9/2014,18
8/10/2014,20.05
8/11/2014,20.9
8/12/2014,16.23
8/13/2014,14.35
8/14/2014,14.94
8/15/2014,12.95
8/16/2014,13.92
8/17/2014,16.18
8/18/2014,17.25
8/19/2014,13.2
8/20/2014,13.16
8/21/2014,14.18
8/22/2014,14.59
8/23/2014,15.86
8/24/2014,18.16
8/25/2014,18.66
8/26/2014,14.91
8/27/2014,14.5
8/28/2014,13.79
8/29/2014,15.49
8/30/2014,15.5
8/31/2014,17.1
9/1/2014,17.24
9/2/2014,14.22
9/3/2014,13.37
9/4/2014,14.15
9/5/2014,14.06
9/6/2014,14.11
9/7/2014,16.69
9/8/2014,16.72
9/9/2014,12.6
9/10/2014,11.8
9/11/2014,13.12
9/12/2014,15.34
9/13/2014,14.57
9/14/2014,16.48
9/15/2014,14.44
9/16/2014,12.41
9/17/2014,10.25
9/18/2014,11.8
9/19/2014,11.42
9/20/2014,11.7
9/21/2014,13.19
9/22/2014,14.56
9/23/2014,11.15
9/24/2014,11.29
9/25/2014,11.55
9/26/2014,10.63
9/27/2014,11.3
9/28/2014,13.7
9/29/2014,12.58
9/30/2014,9.7
10/1/2014,10.17
10/2/2014,9.61
10/3/2014,10.54
10/4/2014,10.02
10/5/2014,10.36
10/6/2014,9.86
10/7/2014,8.61
10/8/2014,8.76
10/9/2014,8.91
10/10/2014,9
10/11/2014,9.22
10/12/2014,11.57
10/13/2014,11.79
10/14/2014,10.1
10/15/2014,9.85
10/16/2014,10.76
10/17/2014,10.32
10/18/2014,11.53
10/19/2014,11.98
10/20/2014,12.34
10/21/2014,9.41
10/22/2014,9.53
10/23/2014,9.83
10/24/2014,9.17
10/25/2014,8.9
10/26/2014,10.42
10/27/2014,10.22
10/28/2014,8.38
10/29/2014,8.12
10/30/2014,7.23
10/31/2014,7.51
11/1/2014,8.05
11/2/2014,9.69
11/3/2014,8.66
11/4/2014,7.28
11/5/2014,7.3
11/6/2014,7.72
11/7/2014,7.69
11/8/2014,8.29
11/9/2014,9.43
11/10/2014,10.06
11/11/2014,8.46
11/12/2014,8.79
11/13/2014,8.47
11/14/2014,9.32
11/15/2014,9.39
11/16/2014,10.73
11/17/2014,10.47
11/18/2014,8.92
11/19/2014,8.69
11/20/2014,8.53
11/21/2014,8.49
11/22/2014,8.85
11/23/2014,9.61
11/24/2014,9.47
11/25/2014,8.89
11/26/2014,9.23
11/27/2014,8.55
11/28/2014,8.94
11/29/2014,8.95
11/30/2014,9.57
12/1/2014,9.06
12/2/2014,7.53
12/3/2014,7.63
12/4/2014,7.9
12/5/2014,7.48
12/6/2014,8.33
12/7/2014,9.58
12/8/2014,10.33
12/9/2014,8.08
12/10/2014,7.8
12/11/2014,7.86
12/12/2014,8.45
12/13/2014,9.02
12/14/2014,9.46
12/15/2014,8.74
12/16/2014,7.02
12/17/2014,6.66
12/18/2014,6.6
12/19/2014,6.6
12/20/2014,6.69
12/21/2014,7.66
12/22/2014,8.26
12/23/2014,6.85
12/24/2014,6.68
12/25/2014,8.23
12/26/2014,9.71
12/27/2014,8.62
12/28/2014,8.28
12/29/2014,8.95
12/30/2014,7.41
12/31/2014,7.57
1/1/2015,8.55
1/2/2015,10.93
1/3/2015,7.69
1/4/2015,7.32
1/5/2015,6.66
1/6/2015,5.68
1/7/2015,6.42
1/8/2015,6.37
1/9/2015,5.4
1/10/2015,5.53
1/11/2015,5.18
1/12/2015,6.04
1/13/2015,5.33
1/14/2015,4.78
1/15/2015,3.57
1/16/2015,3.43
1/17/2015,3.97
1/18/2015,4.57
1/19/2015,5.06
1/20/2015,4.35
1/21/2015,4.22
1/22/2015,4.74
1/23/2015,4.88
1/24/2015,4.96
1/25/2015,6.21
1/26/2015,5.91
1/27/2015,5.04
1/28/2015,5.27
1/29/2015,5.73
1/30/2015,5.05
1/31/2015,5.85
2/1/2015,5.22
2/2/2015,5.83
2/3/2015,5.34
2/4/2015,5.05
2/5/2015,5.14
2/6/2015,5.05
2/7/2015,5.31
2/8/2015,5.36
2/9/2015,5.44
2/10/2015,4.18
2/11/2015,4.29
2/12/2015,4.47
2/13/2015,5.06
2/14/2015,4.11
2/15/2015,5
2/16/2015,5.93
2/17/2015,4.52
2/18/2015,4.62
2/19/2015,4.55
2/20/2015,5.14
2/21/2015,4.89
2/22/2015,5.6
2/23/2015,5.69
2/24/2015,4.55
2/25/2015,4.6
2/26/2015,4.58
2/27/2015,4.66
2/28/2015,4.86
3/1/2015,5.9
3/2/2015,5.82
3/3/2015,4.97
3/4/2015,5.01
3/5/2015,5.58
3/6/2015,5.62
3/7/2015,5.86
3/8/2015,6.1
3/9/2015,6.15
3/10/2015,5.33
3/11/2015,5.72
3/12/2015,5.69
3/13/2015,6.34
3/14/2015,5.94
3/15/2015,6.24
3/16/2015,6.87
3/17/2015,5.47
3/18/2015,5.76
3/19/2015,5.39
3/20/2015,4.8
3/21/2015,5.08
3/22/2015,5.41
3/23/2015,5.94
3/24/2015,5.18
3/25/2015,5.43
3/26/2015,5.01
3/27/2015,4.91
3/28/2015,5.03
3/29/2015,5.72
3/30/2015,5.34
3/31/2015,4.73
4/1/2015,4.21
4/2/2015,3.99
4/3/2015,4.54
4/4/2015,4.76
4/5/2015,5.83
4/6/2015,5.35
4/7/2015,4.83
4/8/2015,4.44
4/9/2015,4.47
4/10/2015,4.08
4/11/2015,4.27
4/12/2015,4.71
4/13/2015,5.52
4/14/2015,3.86
4/15/2015,4.02
4/16/2015,4.08
4/17/2015,4.58
4/18/2015,4.42
4/19/2015,4.57
4/20/2015,4.85
4/21/2015,3.8
4/22/2015,4.13
4/23/2015,4.1
4/24/2015,4.24
4/25/2015,4.32
4/26/2015,4.52
4/27/2015,4.7
4/28/2015,3.92
4/29/2015,3.93
4/30/2015,3.84
5/1/2015,4.21
5/2/2015,4.6
5/3/2015,5.09
5/4/2015,5.82
5/5/2015,4.55
5/6/2015,4.02
5/7/2015,4.15
5/8/2015,4.23
5/9/2015,4.37
5/10/2015,5.04
5/11/2015,5.58
5/12/2015,4.36
5/13/2015,4.37
5/14/2015,4.31
5/15/2015,4.66
5/16/2015,4.53
5/17/2015,5.35
5/18/2015,5.36
5/19/2015,4.85
5/20/2015,4.26
5/21/2015,4.45
5/22/2015,4.81
5/23/2015,4.63
5/24/2015,5.56
5/25/2015,5.31
5/26/2015,4.39
5/27/2015,4.24
5/28/2015,4.44
5/29/2015,4.26
5/30/2015,3.52
5/31/2015,3.76
6/1/2015,4.76
6/2/2015,3.3
6/3/2015,3.51
6/4/2015,3.41
6/5/2015,3.88
6/6/2015,4.11
6/7/2015,4.85
6/8/2015,5.52
6/9/2015,4.05
6/10/2015,3.73
6/11/2015,3.46
6/12/2015,3.75
6/13/2015,3.61
6/14/2015,4.44
6/15/2015,4.42
6/16/2015,3.6
6/17/2015,4.03
6/18/2015,3.7
6/19/2015,3.86
6/20/2015,3.83
6/21/2015,4.86
6/22/2015,5.05
6/23/2015,4.08
6/24/2015,3.78
6/25/2015,4.22
6/26/2015,4.41
6/27/2015,4.06
6/28/2015,4.78
6/29/2015,4.98
6/30/2015,4
7/1/2015,3.24
7/2/2015,3.52
7/3/2015,3.47
7/4/2015,3.91
7/5/2015,4.97
7/6/2015,4.62
7/7/2015,2.85
7/8/2015,2.64
7/9/2015,2.65
7/10/2015,2.61
7/11/2015,2.84
7/12/2015,2.96
7/13/2015,2.77
7/14/2015,3.51
7/15/2015,4.54
7/16/2015,5.08
7/17/2015,4.74
7/18/2015,4.78
7/19/2015,4.01
7/20/2015,4.58
7/21/2015,4.34
7/22/2015,4.03
7/23/2015,4.19
7/24/2015,5.02
7/25/2015,5.25
7/26/2015,5.72
7/27/2015,6.26
7/28/2015,5.06
7/29/2015,4.7
7/30/2015,4.02
7/31/2015,4.53
8/1/2015,3.79
8/2/2015,3.66
8/3/2015,5.39
8/4/2015,4.65
8/5/2015,4.17
8/6/2015,4.2
8/7/2015,4.04
8/8/2015,4.72
8/9/2015,5.29
8/10/2015,6.05
8/11/2015,4.5
8/12/2015,4.56
8/13/2015,4.48
8/14/2015,4.51
8/15/2015,4.76
8/16/2015,5.48
8/17/2015,5.89
8/18/2015,4.11
8/19/2015,4.05
8/20/2015,3.9
8/21/2015,3.85
8/22/2015,4.08
8/23/2015,4.34
8/24/2015,4.88
8/25/2015,3.33
8/26/2015,3.5
8/27/2015,3.59
8/28/2015,3.81
8/29/2015,3.77
8/30/2015,4.18
8/31/2015,4.73
9/1/2015,3.49
9/2/2015,3.41
9/3/2015,2.93
9/4/2015,3.57
9/5/2015,4.5
9/6/2015,3.59
9/7/2015,4.51
9/8/2015,3.79
9/9/2015,3.73
9/10/2015,3.8
9/11/2015,3.8
9/12/2015,2.49
9/13/2015,3.37
9/14/2015,3.1
9/15/2015,2.6
9/16/2015,2.73
9/17/2015,2.6
9/18/2015,1.68
9/19/2015,2.76
9/20/2015,4.01
9/21/2015,4.27
9/22/2015,3.36
9/23/2015,3.32
9/24/2015,3.39
9/25/2015,3.65
9/26/2015,3.64
9/27/2015,4
9/28/2015,4.25
9/29/2015,3.41
9/30/2015,3.27
10/1/2015,3.27
10/2/2015,3.41
10/3/2015,3.28
10/4/2015,4.09
10/5/2015,4.68
10/6/2015,3.62
10/7/2015,3.29
10/8/2015,3.51
10/9/2015,3.54
10/10/2015,4.02
10/11/2015,3.9
10/12/2015,4.73
10/13/2015,3.55
10/14/2015,3.61
10/15/2015,3.42
10/16/2015,3.25
10/17/2015,3.57
10/18/2015,3.72
10/19/2015,4.62
10/20/2015,3.49
10/21/2015,3.54
10/22/2015,3.63
10/23/2015,3.47
10/24/2015,3.9
10/25/2015,3.79
10/26/2015,4.32
10/27/2015,4.99
10/28/2015,3.69
10/29/2015,3.6
10/30/2015,3.73
10/31/2015,3.82
11/1/2015,4.13
11/2/2015,4.04
11/3/2015,3.81
11/4/2015,4.02
11/5/2015,4.02
11/6/2015,4.11
11/7/2015,4.28
11/8/2015,4.92
11/9/2015,5.46
11/10/2015,4.66
11/11/2015,4.14
11/12/2015,3.72
11/13/2015,3.97
11/14/2015,4.21
11/15/2015,4.32
11/16/2015,4.51
11/17/2015,3.92
11/18/2015,4.06
11/19/2015,3.85
11/20/2015,4.27
11/21/2015,3.92
11/22/2015,4.23
11/23/2015,4.87
11/24/2015,4.25
11/25/2015,4.07
11/26/2015,4.23
11/27/2015,4.07
11/28/2015,4.24
11/29/2015,4.17
11/30/2015,5.49
12/1/2015,3.83
12/2/2015,3.93
12/3/2015,3.72
12/4/2015,4.24
12/5/2015,4.03
12/6/2015,3.89
12/7/2015,4.23
12/8/2015,3.85
12/9/2015,3.84
12/10/2015,3.58
12/11/2015,3.74
12/12/2015,3.96
12/13/2015,3.98
12/14/2015,4.39
12/15/2015,3.56
12/16/2015,3.83
12/17/2015,3.82
12/18/2015,4
12/19/2015,3.98
12/20/2015,4.17
12/21/2015,4.3
12/22/2015,3.49
12/23/2015,3.75
12/24/2015,3.76
12/25/2015,3.99
12/26/2015,4.9
12/27/2015,4.48
12/28/2015,5.03
12/29/2015,4.6
12/30/2015,4.42
12/31/2015,4.6
1/1/2016,5.39
1/2/2016,6.83
1/3/2016,5.66
1/4/2016,5.72
1/5/2016,4.64
1/6/2016,4.47
1/7/2016,4.78
1/8/2016,4.5
1/9/2016,4.8
1/10/2016,4.57
1/11/2016,5.52
1/12/2016,4.39
1/13/2016,4.3
1/14/2016,4.23
1/15/2016,4.35
1/16/2016,4.05
1/17/2016,3.65
1/18/2016,3.69
1/19/2016,3.33
1/20/2016,3.87
1/21/2016,3.67
1/22/2016,3.51
1/23/2016,3.35
1/24/2016,3.94
1/25/2016,3.69
1/26/2016,3.28
1/27/2016,3.21
1/28/2016,3.18
1/29/2016,3.22
1/30/2016,3.17
1/31/2016,3.66
2/1/2016,4.01
2/2/2016,3.07
2/3/2016,2.92
2/4/2016,3.78
2/5/2016,3.6
2/6/2016,3.23
2/7/2016,3.08
2/8/2016,3.36
2/9/2016,3.05
2/10/2016,3
2/11/2016,3.1
2/12/2016,3.21
2/13/2016,3.6
2/14/2016,4.05
2/15/2016,4.04
2/16/2016,3.42
2/17/2016,3.55
2/18/2016,3.49
2/19/2016,3.7
2/20/2016,3.64
2/21/2016,3.8
2/22/2016,3.96
2/23/2016,3.44
2/24/2016,3.15
2/25/2016,3.62
2/26/2016,3.65
2/27/2016,3.97
2/28/2016,4.66
2/29/2016,3.37
3/1/2016,3.05
3/2/2016,2.9
3/3/2016,2.96
3/4/2016,3.44
3/5/2016,3.87
3/6/2016,3.18
3/7/2016,4.86
3/8/2016,4.18
3/9/2016,3.95
3/10/2016,4.2
3/11/2016,4.15
3/12/2016,4.05
3/13/2016,4.75
3/14/2016,5.41
3/15/2016,4.16
3/16/2016,3.84
3/17/2016,3.7
3/18/2016,3.8
3/19/2016,3.78
3/20/2016,4.31
3/21/2016,4.49
3/22/2016,3.9
3/23/2016,3.87
3/24/2016,4.17
3/25/2016,4.17
3/26/2016,4.67
3/27/2016,5.04
3/28/2016,5.14
3/29/2016,3.99
3/30/2016,3.91
3/31/2016,3.94
4/1/2016,3.72
4/2/2016,3.86
4/3/2016,4.19
4/4/2016,4.66
4/5/2016,3.77
4/6/2016,3.61
4/7/2016,3.6
4/8/2016,3.57
4/9/2016,3.75
4/10/2016,4
4/11/2016,4.28
4/12/2016,3.37
4/13/2016,3.39
4/14/2016,3.52
4/15/2016,3.47
4/16/2016,3.78
4/17/2016,4.54
4/18/2016,4.19
4/19/2016,3.61
4/20/2016,3.6
4/21/2016,3.91
4/22/2016,3.9
4/23/2016,4.01
4/24/2016,4.66
4/25/2016,4.78
4/26/2016,3.9
4/27/2016,3.44
4/28/2016,3.4
4/29/2016,3.39
4/30/2016,3.24
5/1/2016,3.87
5/2/2016,4.62
5/3/2016,3.7
5/4/2016,3.6
5/5/2016,3.48
5/6/2016,3.66
5/7/2016,3.55
5/8/2016,4.42
5/9/2016,4.72
5/10/2016,3.75
5/11/2016,3.4
5/12/2016,3.56
5/13/2016,3.73
5/14/2016,3.68
5/15/2016,4.12
5/16/2016,4.2
5/17/2016,3.6
5/18/2016,3.45
5/19/2016,3.6
5/20/2016,3.92
5/21/2016,3.92
5/22/2016,4.52
5/23/2016,4.5
5/24/2016,3.62
5/25/2016,3.45
5/26/2016,3.34
5/27/2016,3.87
5/28/2016,4.17
5/29/2016,5.24
5/30/2016,5.41
5/31/2016,4.89
6/1/2016,4.55
6/2/2016,4.35
6/3/2016,4.31
6/4/2016,4.63
6/5/2016,5.54
6/6/2016,5.77
6/7/2016,4.91
6/8/2016,4.53
6/9/2016,4.69
6/10/2016,4.67
6/11/2016,4.77
6/12/2016,5.34
6/13/2016,5.83
6/14/2016,5.11
6/15/2016,5.22
6/16/2016,4.97
6/17/2016,5.2
6/18/2016,5.55
6/19/2016,5.93
6/20/2016,6.68
6/21/2016,5.36
6/22/2016,4.89
6/23/2016,4.82
6/24/2016,4.96
6/25/2016,5.19
6/26/2016,5.92
6/27/2016,6.72
6/28/2016,5.56
6/29/2016,5.68
6/30/2016,5.32
7/1/2016,5.49
7/2/2016,6.08
7/3/2016,6.78
7/4/2016,6.99
7/5/2016,5.93
7/6/2016,5.86
7/7/2016,5.66
7/8/2016,5.72
7/9/2016,5.86
7/10/2016,6.75
7/11/2016,7.65
7/12/2016,5.53
7/13/2016,5.7
7/14/2016,5.67
7/15/2016,5.52
7/16/2016,5.9
7/17/2016,6.94
7/18/2016,7.6
7/19/2016,5.66
7/20/2016,5.66
7/21/2016,5.52
7/22/2016,5.58
7/23/2016,5.55
7/24/2016,6.28
7/25/2016,6.78
7/26/2016,5.1
7/27/2016,5.12
7/28/2016,5.3
7/29/2016,5.08
7/30/2016,5.34
7/31/2016,6.15
8/1/2016,6.16
8/2/2016,5.1
8/3/2016,4.15
8/4/2016,4.32
8/5/2016,4.61
8/6/2016,4.64
8/7/2016,5.66
8/8/2016,5.87
8/9/2016,4.69
8/10/2016,4.73
8/11/2016,4.4
8/12/2016,4.34
8/13/2016,4.67
8/14/2016,5.02
8/15/2016,5.53
8/16/2016,5.22
8/17/2016,4.16
8/18/2016,4.53
8/19/2016,4.48
8/20/2016,4.34
8/21/2016,5.04
8/22/2016,6.06
8/23/2016,4.89
8/24/2016,4.53
8/25/2016,4.48
8/26/2016,4.62
8/27/2016,4.78
8/28/2016,5.6
8/29/2016,6.33
8/30/2016,4.64
8/31/2016,4.29
9/1/2016,4.73
9/2/2016,4.57
9/3/2016,4.69
9/4/2016,6.31
9/5/2016,6.43
9/6/2016,4.81
9/7/2016,5.01
9/8/2016,4.49
9/9/2016,5.16
9/10/2016,5.36
9/11/2016,5.99
9/12/2016,6.46
9/13/2016,5.36
9/14/2016,4.76
9/15/2016,4.99
9/16/2016,4.83
9/17/2016,5.25
9/18/2016,5.36
9/19/2016,6.03
9/20/2016,5.05
9/21/2016,4.64
9/22/2016,4.66
9/23/2016,4.84
9/24/2016,4.87
9/25/2016,5.57
9/26/2016,5.77
9/27/2016,4.87
9/28/2016,4.61
9/29/2016,4.8
9/30/2016,4.66
10/1/2016,4.54
10/2/2016,5.32
10/3/2016,6.1
10/4/2016,4.29
10/5/2016,4.3
10/6/2016,4.18
10/7/2016,4.15
10/8/2016,4.24
10/9/2016,4.65
10/10/2016,5.39
10/11/2016,5.16
10/12/2016,4.49
10/13/2016,5.08
10/14/2016,5.14
10/15/2016,5
10/16/2016,5.72
10/17/2016,6.07
10/18/2016,4.98
10/19/2016,4.71
10/20/2016,6.14
10/21/2016,4.17
10/22/2016,4.52
10/23/2016,5.6
10/24/2016,6.42
10/25/2016,5.43
10/26/2016,5.13
10/27/2016,5.71
10/28/2016,3.74
10/29/2016,5.26
10/30/2016,5.73
10/31/2016,6.43
11/1/2016,5.35
11/2/2016,5.43
11/3/2016,5.08
11/4/2016,4.7
11/5/2016,5.26
11/6/2016,5.55
11/7/2016,5.91
11/8/2016,4.67
11/9/2016,4.44
11/10/2016,4.88
11/11/2016,4.96
11/12/2016,5.11
11/13/2016,5.66
11/14/2016,6.16
11/15/2016,4.76
11/16/2016,4.71
11/17/2016,4.66
11/18/2016,5
11/19/2016,5.02
11/20/2016,5.54
11/21/2016,5.54
11/22/2016,4.74
11/23/2016,4.81
11/24/2016,5.04
11/25/2016,3.98
11/26/2016,4.25
11/27/2016,4.96
11/28/2016,5.56
11/29/2016,4.51
11/30/2016,4.64
12/1/2016,4.66
12/2/2016,6.01
12/3/2016,4.37
12/4/2016,4.88
12/5/2016,5.78
12/6/2016,4.96
12/7/2016,4.28
12/8/2016,4.52
12/9/2016,4.94
12/10/2016,5.35
12/11/2016,5.81
12/12/2016,6.31
12/13/2016,5.25
12/14/2016,4.82
12/15/2016,4.95
12/16/2016,5.06
12/17/2016,5.14
12/18/2016,6.21
12/19/2016,6.17
12/20/2016,5.09
12/21/2016,4.96
12/22/2016,4.68
12/23/2016,4.98
12/24/2016,5.47
12/25/2016,6.92
12/26/2016,8.56
12/27/2016,6.73
12/28/2016,5.81
12/29/2016,5.78
12/30/2016,5.76
12/31/2016,6.15
1/1/2017,7.28
1/2/2017,10.67
1/3/2017,6.44
1/4/2017,6.13
1/5/2017,5.94
1/6/2017,6.24
1/7/2017,4.71
1/8/2017,5.86
1/9/2017,6.52
1/10/2017,6.01
1/11/2017,5.1
1/12/2017,4.77
1/13/2017,5.11
1/14/2017,5.4
1/15/2017,6.25
1/16/2017,6.68
1/17/2017,5.57
1/18/2017,5.7
1/19/2017,5.35
1/20/2017,5.44
1/21/2017,5.49
1/22/2017,6.56
1/23/2017,7.2
1/24/2017,7.34
1/25/2017,5.84
1/26/2017,5.29
1/27/2017,5.32
1/28/2017,6.48
1/29/2017,6.9
1/30/2017,7.05
1/31/2017,6.73
2/1/2017,5.61
2/2/2017,5.12
2/3/2017,7.21
2/4/2017,5.7
2/5/2017,6.62
2/6/2017,6.31
2/7/2017,8.44
2/8/2017,5.79
2/9/2017,6.21
2/10/2017,5.16
2/11/2017,5.92
2/12/2017,7.17
2/13/2017,7.96
2/14/2017,6.22
2/15/2017,5.79
2/16/2017,6.39
2/17/2017,6.49
2/18/2017,5.98
2/19/2017,6.85
2/20/2017,7.72
2/21/2017,6.98
2/22/2017,7.36
2/23/2017,7.39
2/24/2017,6.43
2/25/2017,6.19
2/26/2017,6.52
2/27/2017,7.95
2/28/2017,7.7
3/1/2017,6.58
3/2/2017,7.08
3/3/2017,6.87
3/4/2017,6.93
3/5/2017,8.72
3/6/2017,8.37
3/7/2017,8.15
3/8/2017,6.87
3/9/2017,7.11
3/10/2017,7.11
3/11/2017,6.91
3/12/2017,7.74
3/13/2017,10.27
3/14/2017,8.39
3/15/2017,7.21
3/16/2017,7.86
3/17/2017,6.66
3/18/2017,6.81
3/19/2017,6.94
3/20/2017,7.11
3/21/2017,6.77
3/22/2017,7.11
3/23/2017,5.96
3/24/2017,6.57
3/25/2017,6.09
3/26/2017,7.12
3/27/2017,8.58
3/28/2017,7.96
3/29/2017,6.46
3/30/2017,6.76
3/31/2017,6.63
4/1/2017,7.47
4/2/2017,7.86
4/3/2017,8.49
4/4/2017,7.18
4/5/2017,8.27
4/6/2017,6.46
4/7/2017,7.5
4/8/2017,7.36
4/9/2017,9.68
4/10/2017,9.51
4/11/2017,8.08
4/12/2017,7.2
4/13/2017,8.09
4/14/2017,9.62
4/15/2017,7.56
4/16/2017,8.11
4/17/2017,10.51
4/18/2017,8.94
4/19/2017,7.29
4/20/2017,7.19
4/21/2017,8.6
4/22/2017,7.03
4/23/2017,8.47
4/24/2017,9.68
4/25/2017,10.25
4/26/2017,7.15
4/27/2017,7.06
4/28/2017,8.15
4/29/2017,7.95
4/30/2017,7.1
5/1/2017,8.97
5/2/2017,8.68
5/3/2017,7.96
5/4/2017,9.28
5/5/2017,7.83
5/6/2017,10.48
5/7/2017,7.8
5/8/2017,8.91
5/9/2017,8.1
5/10/2017,9.37
5/11/2017,10.33
5/12/2017,11.23
5/13/2017,9.78
5/14/2017,9.66
5/15/2017,8.64
5/16/2017,9.45
5/17/2017,14.03
5/18/2017,10.29
5/19/2017,11.82
5/20/2017,11.24
5/21/2017,10.36
5/22/2017,11.55
5/23/2017,11.71
5/24/2017,11.05
5/25/2017,13.12
5/26/2017,12.2
5/27/2017,11.9
5/28/2017,11.27
5/29/2017,12.97
5/30/2017,12.58
5/31/2017,11.4
6/1/2017,13.08
6/2/2017,13.7
6/3/2017,17.3
6/4/2017,15.08
6/5/2017,17.14
6/6/2017,17
6/7/2017,17.5
6/8/2017,14.49
6/9/2017,16.56
6/10/2017,18.43
6/11/2017,21.21
6/12/2017,24.69
6/13/2017,17.7
6/14/2017,17.05
6/15/2017,15.9
6/16/2017,14.97
6/17/2017,16.95
6/18/2017,21.06
6/19/2017,22.74
6/20/2017,17.73
6/21/2017,18.72
6/22/2017,17.52
6/23/2017,18.68
6/24/2017,19.03
6/25/2017,21.84
6/26/2017,25.92
6/27/2017,17.05
6/28/2017,17.78
6/29/2017,16.92
6/30/2017,20.43
7/1/2017,17.17
7/2/2017,20.54
7/3/2017,23.95
7/4/2017,18.87
7/5/2017,18.65
7/6/2017,20.71
7/7/2017,21.12
7/8/2017,19.07
7/9/2017,21.97
7/10/2017,25.75
7/11/2017,17.12
7/12/2017,15.79
7/13/2017,17.26
7/14/2017,17.76
7/15/2017,17.78
7/16/2017,17.48
7/17/2017,17.49
7/18/2017,17.54
7/19/2017,16.49
7/20/2017,16.52
7/21/2017,22.26
7/22/2017,18.13
7/23/2017,24.62
7/24/2017,28.58
7/25/2017,20.95
7/26/2017,19.43
7/27/2017,19.77
7/28/2017,22.24
7/29/2017,20.71
7/30/2017,24.62
7/31/2017,26.74
8/1/2017,24.02
8/2/2017,40.69
8/3/2017,23.65
8/4/2017,24.72
8/5/2017,22.74
8/6/2017,25.94
8/7/2017,30.11
8/8/2017,25.1
8/9/2017,22.8
8/10/2017,24.06
8/11/2017,24.08
8/12/2017,23.91
8/13/2017,27.44
8/14/2017,28.45
8/15/2017,30.67
8/16/2017,24.38
8/17/2017,29.06
8/18/2017,22.17
8/19/2017,24.39
8/20/2017,28.84
8/21/2017,35.61
8/22/2017,31.35
8/23/2017,39.47
8/24/2017,24.12
8/25/2017,40.33
8/26/2017,38.55
8/27/2017,36.2
8/28/2017,31.3
8/29/2017,36
8/30/2017,30.52
8/31/2017,30.59
9/1/2017,30.93
9/2/2017,32.79
9/3/2017,35.37
9/4/2017,44.47
9/5/2017,28.91
9/6/2017,29.22
9/7/2017,30.46
9/8/2017,33.28
9/9/2017,29.18
9/10/2017,36.63
9/11/2017,40.02
9/12/2017,31.14
9/13/2017,30.16
9/14/2017,27.03
9/15/2017,22.11
9/16/2017,23.11
9/17/2017,30.7
9/18/2017,35.68
9/19/2017,33.81
9/20/2017,25.23
9/21/2017,31
9/22/2017,26.4
9/23/2017,29.99
9/24/2017,34.84
9/25/2017,36.47
9/26/2017,32.36
9/27/2017,27.83
9/28/2017,29.11
9/29/2017,28.42
9/30/2017,30.07
10/1/2017,38.5
10/2/2017,40.12
10/3/2017,27.79
10/4/2017,27.89
10/5/2017,32.76
10/6/2017,29.22
10/7/2017,28.05
10/8/2017,36.85
10/9/2017,35.05
10/10/2017,29.45
10/11/2017,28.7
10/12/2017,30.43
10/13/2017,33.95
10/14/2017,33.35
10/15/2017,36.13
10/16/2017,36.26
10/17/2017,33.47
10/18/2017,30.01
10/19/2017,30.13
10/20/2017,28.89
10/21/2017,34.75
10/22/2017,35.4
10/23/2017,37.34
10/24/2017,33.78
10/25/2017,29.08
10/26/2017,33.41
10/27/2017,39.69
10/28/2017,43.41
10/29/2017,51.66
10/30/2017,33.52
10/31/2017,35.19
11/1/2017,41.92
11/2/2017,34.4
11/3/2017,36.9
11/4/2017,47.58
11/5/2017,46.42
11/6/2017,54.57
11/7/2017,47.18
11/8/2017,38.53
11/9/2017,44.26
11/10/2017,38.13
11/11/2017,43.89
11/12/2017,61.96
11/13/2017,60.09
11/14/2017,38.18
11/15/2017,44.6
11/16/2017,41.27
11/17/2017,45.73
11/18/2017,45.98
11/19/2017,53.13
11/20/2017,55.43
11/21/2017,44.77
11/22/2017,39.02
11/23/2017,47.95
11/24/2017,41.1
11/25/2017,48.7
11/26/2017,47.53
11/27/2017,50.92
11/28/2017,45.25
11/29/2017,48.76
11/30/2017,43.72
12/1/2017,45.96
12/2/2017,46.49
12/3/2017,60.8
12/4/2017,59.1
12/5/2017,50.27
12/6/2017,51.59
12/7/2017,53.73
12/8/2017,77.57
12/9/2017,72.66
12/10/2017,64.36
12/11/2017,81.83
12/12/2017,79.99
12/13/2017,83.23
12/14/2017,69.48
12/15/2017,58.2
12/16/2017,78.21
12/17/2017,93.95
12/18/2017,87.22
12/19/2017,84.91
12/20/2017,83.02
12/21/2017,79.95
12/22/2017,84.91
12/23/2017,66.23
12/24/2017,85.6
12/25/2017,93.56
12/26/2017,113.23
12/27/2017,117.29
12/28/2017,89.91
12/29/2017,86.87
12/30/2017,72.84
12/31/2017,67.48
1/1/2018,86.14
1/2/2018,103.4
1/3/2018,77.52
1/4/2018,68.09
1/5/2018,63.28
1/6/2018,89.87
1/7/2018,86.33
1/8/2018,77.45
1/9/2018,78.01
1/10/2018,73.11
1/11/2018,77.2
1/12/2018,71.04
1/13/2018,82.97
1/14/2018,98.96
1/15/2018,107.34
1/16/2018,91.7
1/17/2018,68.46
1/18/2018,63.83
1/19/2018,66.68
1/20/2018,88.41
1/21/2018,100.25
1/22/2018,99.44
1/23/2018,79.93
1/24/2018,75.14
1/25/2018,83.69
1/26/2018,86.82
1/27/2018,95.09
1/28/2018,112.21
1/29/2018,102.45
1/30/2018,90.41
1/31/2018,77.36
2/1/2018,91.65
2/2/2018,65.95
2/3/2018,68.97
2/4/2018,91.06
2/5/2018,91.07
2/6/2018,59.12
2/7/2018,58.6
2/8/2018,69.27
2/9/2018,88.15
2/10/2018,93.08
2/11/2018,91.91
2/12/2018,105.77
2/13/2018,90.88
2/14/2018,85.79
2/15/2018,90.09
2/16/2018,96.71
2/17/2018,103.93
2/18/2018,122.95
2/19/2018,124.65
2/20/2018,110.22
2/21/2018,108.77
2/22/2018,93.83
2/23/2018,101.35
2/24/2018,106.78
2/25/2018,121.39
2/26/2018,128.99
2/27/2018,101.65
2/28/2018,91.96
3/1/2018,102.35
3/2/2018,85.72
3/3/2018,108.18
3/4/2018,120.75
3/5/2018,142.51
3/6/2018,104.12
3/7/2018,96.47
3/8/2018,87.33
3/9/2018,92.94
3/10/2018,86.42
3/11/2018,113.17
3/12/2018,116.71
3/13/2018,93.22
3/14/2018,86.78
3/15/2018,80.46
3/16/2018,77.63
3/17/2018,83.24
3/18/2018,100.08
3/19/2018,96.12
3/20/2018,83.73
3/21/2018,87.21
3/22/2018,84.18
3/23/2018,91.72
3/24/2018,95.71
3/25/2018,102.72
3/26/2018,119.46
3/27/2018,82.44
3/28/2018,79.73
3/29/2018,83.33
3/30/2018,70.8
3/31/2018,70.72
4/1/2018,89.84
4/2/2018,98.99
4/3/2018,80.77
4/4/2018,68.54
4/5/2018,70.03
4/6/2018,70.99
4/7/2018,74.41
4/8/2018,85.13
4/9/2018,97.57
4/10/2018,74.18
4/11/2018,68.73
4/12/2018,73.34
4/13/2018,68.65
4/14/2018,69.21
4/15/2018,93.07
4/16/2018,93.46
4/17/2018,78.28
4/18/2018,72.76
4/19/2018,76.73
4/20/2018,72.07
4/21/2018,78.96
4/22/2018,88.18
4/23/2018,99.42
4/24/2018,73.31
4/25/2018,70.22
4/26/2018,76
4/27/2018,79.91
4/28/2018,78.83
4/29/2018,90.56
4/30/2018,97.03
5/1/2018,80.23
5/2/2018,86.35
5/3/2018,82.06
5/4/2018,79.11
5/5/2018,80.59
5/6/2018,94.63
5/7/2018,106.31
5/8/2018,86.02
5/9/2018,78.16
5/10/2018,85.55
5/11/2018,78.2
5/12/2018,76.48
5/13/2018,88.88
5/14/2018,104.47
5/15/2018,77.14
5/16/2018,76.46
5/17/2018,73.11
5/18/2018,80.08
5/19/2018,71.36
5/20/2018,94.01
5/21/2018,102.35
5/22/2018,78.63
5/23/2018,72.55
5/24/2018,63.1
5/25/2018,70.31
5/26/2018,70.75
5/27/2018,90.47
5/28/2018,99.19
5/29/2018,69.66
5/30/2018,68.49
5/31/2018,67.69
6/1/2018,68.27
6/2/2018,70.15
6/3/2018,82.73
6/4/2018,88.21
6/5/2018,68.56
6/6/2018,66.65
6/7/2018,69.5
6/8/2018,69.67
6/9/2018,72.8
6/10/2018,80.95
6/11/2018,72.22
6/12/2018,60.3
6/13/2018,56.61
6/14/2018,55.61
6/15/2018,58.72
6/16/2018,59.92
6/17/2018,80.08
6/18/2018,85.7
6/19/2018,65.22
6/20/2018,66.09
6/21/2018,63.93
6/22/2018,63.21
6/23/2018,56.37
6/24/2018,74.12
6/25/2018,73.41
6/26/2018,58.19
6/27/2018,60.59
6/28/2018,61.4
6/29/2018,56.52
6/30/2018,60.22
7/1/2018,68.47
7/2/2018,79.67
7/3/2018,60.15
7/4/2018,56.06
7/5/2018,61.42
7/6/2018,60.75
7/7/2018,62.06
7/8/2018,78.62
7/9/2018,81.56
7/10/2018,60.48
7/11/2018,54.81
7/12/2018,59.71
7/13/2018,56.42
7/14/2018,56.66
7/15/2018,67.91
7/16/2018,77.09
7/17/2018,58.97
7/18/2018,58.51
7/19/2018,58.87
7/20/2018,61.91
7/21/2018,60.37
7/22/2018,74.98
7/23/2018,84.41
7/24/2018,62.82
7/25/2018,59.78
7/26/2018,60.79
7/27/2018,64.2
7/28/2018,65.6
7/29/2018,86.06
7/30/2018,90.75
7/31/2018,65.84
8/1/2018,58.89
8/2/2018,59.35
8/3/2018,63.17
8/4/2018,59.35
8/5/2018,68.81
8/6/2018,78.36
8/7/2018,59.32
8/8/2018,52.77
8/9/2018,51.08
8/10/2018,54.49
8/11/2018,51.01
8/12/2018,61.32
8/13/2018,71.64
8/14/2018,53.86
8/15/2018,45.38
8/16/2018,47.19
8/17/2018,50.82
8/18/2018,51.97
8/19/2018,63.76
8/20/2018,77.41
8/21/2018,53.28
8/22/2018,55.19
8/23/2018,52.89
8/24/2018,56.15
8/25/2018,56.39
8/26/2018,65.52
8/27/2018,75.09
8/28/2018,56.52
8/29/2018,55.56
8/30/2018,55.67
8/31/2018,55.62
9/1/2018,54.67
9/2/2018,63.86
9/3/2018,75.08
9/4/2018,60.25
9/5/2018,57.2
9/6/2018,51.84
9/7/2018,47.67
9/8/2018,51.8
9/9/2018,56.83
9/10/2018,62.36
9/11/2018,52.89
9/12/2018,49.63
9/13/2018,50.16
9/14/2018,50.54
9/15/2018,54.43
9/16/2018,58.93
9/17/2018,67.4
9/18/2018,49.64
9/19/2018,48.18
9/20/2018,46.36
9/21/2018,46.86
9/22/2018,45.77
9/23/2018,57.31
9/24/2018,60.77
9/25/2018,52.59
9/26/2018,47.07
9/27/2018,49.08
9/28/2018,49.27
9/29/2018,49.23
9/30/2018,55.17
10/1/2018,61.41
10/2/2018,49.44
10/3/2018,50.23
10/4/2018,49.33
10/5/2018,48.9
10/6/2018,50.75
10/7/2018,58.34
10/8/2018,53.84
10/9/2018,49.36
10/10/2018,54.05
10/11/2018,48.76
10/12/2018,43.23
10/13/2018,47.63
10/14/2018,57.51
10/15/2018,62.1
10/16/2018,43.35
10/17/2018,47.46
10/18/2018,46.86
10/19/2018,45.28
10/20/2018,47.1
10/21/2018,53.22
10/22/2018,59.14
10/23/2018,45.95
10/24/2018,45.7
10/25/2018,47.85
10/26/2018,45.89
10/27/2018,47.09
10/28/2018,51.03
10/29/2018,55.83
10/30/2018,43.09
10/31/2018,39.95
11/1/2018,40.85
11/2/2018,40.52
11/3/2018,40
11/4/2018,47.47
11/5/2018,52.73
11/6/2018,39.58
11/7/2018,41.11
11/8/2018,40.16
11/9/2018,42.58
11/10/2018,41.12
11/11/2018,47.7
11/12/2018,46.82
11/13/2018,38.75
11/14/2018,42.22
11/15/2018,34.44
11/16/2018,35.16
11/17/2018,36.06
11/18/2018,38.99
11/19/2018,43.5
11/20/2018,32.5
11/21/2018,27.57
11/22/2018,32.89
11/23/2018,29.77
11/24/2018,29.03
11/25/2018,27.98
11/26/2018,30.42
11/27/2018,27.11
11/28/2018,26.67
11/29/2018,29.81
11/30/2018,32.18
12/1/2018,29.72
12/2/2018,31.82
12/3/2018,34.71
12/4/2018,29.53
12/5/2018,26.9
12/6/2018,26.74
12/7/2018,22.56
12/8/2018,24.48
12/9/2018,27.53
12/10/2018,27.88
12/11/2018,25.03
12/12/2018,24.29
