4/28/2013 0:00,11090225
4/30/2013 0:00,11098475
5/2/2013 0:00,11105600
5/4/2013 0:00,11113125
5/6/2013 0:00,11121050
5/8/2013 0:00,11129525
5/10/2013 0:00,11137850
5/12/2013 0:00,11146675
5/14/2013 0:00,11154850
5/16/2013 0:00,11162150
5/18/2013 0:00,11169850
5/20/2013 0:00,11177150
5/22/2013 0:00,11185025
5/24/2013 0:00,11193100
5/26/2013 0:00,11201425
5/28/2013 0:00,11209775
5/30/2013 0:00,11218200
6/1/2013 0:00,11227800
6/3/2013 0:00,11238125
6/5/2013 0:00,11248425
6/7/2013 0:00,11256900
6/9/2013 0:00,11265275
6/11/2013 0:00,11274175
6/13/2013 0:00,11284000
6/15/2013 0:00,11292700
6/17/2013 0:00,11301225
6/19/2013 0:00,11308000
6/21/2013 0:00,11315975
6/23/2013 0:00,11324675
6/25/2013 0:00,11331950
6/27/2013 0:00,11340825
6/29/2013 0:00,11349050
7/1/2013 0:00,11356975
7/3/2013 0:00,11365275
7/5/2013 0:00,11373950
7/7/2013 0:00,11383325
7/9/2013 0:00,11393000
7/11/2013 0:00,11402075
7/13/2013 0:00,11409975
7/15/2013 0:00,11418325
7/17/2013 0:00,11426650
7/19/2013 0:00,11435175
7/21/2013 0:00,11444725
7/23/2013 0:00,11452850
7/25/2013 0:00,11460125
7/27/2013 0:00,11468700
7/29/2013 0:00,11477275
7/31/2013 0:00,11486875
8/2/2013 0:00,11496250
8/4/2013 0:00,11505000
8/6/2013 0:00,11514525
8/8/2013 0:00,11523975
8/10/2013 0:00,11534150
8/12/2013 0:00,11545225
8/14/2013 0:00,11553875
8/16/2013 0:00,11562350
8/18/2013 0:00,11571950
8/20/2013 0:00,11580925
8/22/2013 0:00,11591275
8/24/2013 0:00,11601300
8/26/2013 0:00,11608950
8/28/2013 0:00,11617425
8/30/2013 0:00,11627225
9/1/2013 0:00,11638150
9/3/2013 0:00,11648650
9/5/2013 0:00,11657075
9/7/2013 0:00,11665900
9/9/2013 0:00,11674450
9/11/2013 0:00,11684125
9/13/2013 0:00,11694575
9/15/2013 0:00,11704550
9/17/2013 0:00,11713200
9/19/2013 0:00,11721850
9/21/2013 0:00,11731350
9/23/2013 0:00,11742025
9/25/2013 0:00,11752400
9/27/2013 0:00,11761075
9/29/2013 0:00,11769550
10/1/2013 0:00,11778550
10/3/2013 0:00,11788075
10/5/2013 0:00,11797800
10/7/2013 0:00,11806675
10/9/2013 0:00,11815150
10/11/2013 0:00,11824450
10/13/2013 0:00,11835100
10/15/2013 0:00,11847750
10/17/2013 0:00,11857700
10/19/2013 0:00,11867500
10/21/2013 0:00,11877925
10/23/2013 0:00,11889425
10/25/2013 0:00,11900650
10/27/2013 0:00,11910050
10/29/2013 0:00,11918450
10/31/2013 0:00,11928575
11/2/2013 0:00,11938750
11/4/2013 0:00,11948650
11/6/2013 0:00,11956950
11/8/2013 0:00,11964125
11/10/2013 0:00,11971875
11/12/2013 0:00,11981475
11/14/2013 0:00,11990400
11/16/2013 0:00,11999375
11/18/2013 0:00,12008300
11/20/2013 0:00,12016250
11/22/2013 0:00,12024100
11/24/2013 0:00,12032450
11/26/2013 0:00,12041050
11/28/2013 0:00,12049750
11/30/2013 0:00,12058375
12/2/2013 0:00,12067325
12/4/2013 0:00,12076500
12/6/2013 0:00,12086050
12/8/2013 0:00,12095325
12/10/2013 0:00,12105225
12/12/2013 0:00,12113325
12/14/2013 0:00,12122475
12/16/2013 0:00,12131750
12/18/2013 0:00,12141925
12/20/2013 0:00,12152375
12/22/2013 0:00,12160600
12/24/2013 0:00,12168725
12/26/2013 0:00,12177500
12/28/2013 0:00,12185975
12/30/2013 0:00,12194575
1/1/2014 0:00,12203800
1/3/2014 0:00,12211525
1/5/2014 0:00,12219725
1/7/2014 0:00,12228825
1/9/2014 0:00,12238275
1/11/2014 0:00,12248500
1/13/2014 0:00,12258325
1/15/2014 0:00,12266450
1/17/2014 0:00,12275275
1/19/2014 0:00,12283950
1/21/2014 0:00,12292825
1/23/2014 0:00,12302025
1/25/2014 0:00,12310800
1/27/2014 0:00,12318825
1/29/2014 0:00,12326925
1/31/2014 0:00,12335525
2/2/2014 0:00,12344900
2/4/2014 0:00,12353975
2/6/2014 0:00,12362425
2/8/2014 0:00,12370925
2/10/2014 0:00,12378525
2/12/2014 0:00,12386875
2/14/2014 0:00,12396150
2/16/2014 0:00,12405475
2/18/2014 0:00,12413800
2/20/2014 0:00,12422850
2/22/2014 0:00,12431150
2/24/2014 0:00,12440250
2/26/2014 0:00,12449025
2/28/2014 0:00,12458275
3/2/2014 0:00,12465700
3/4/2014 0:00,12472725
3/6/2014 0:00,12480800
3/8/2014 0:00,12489350
3/10/2014 0:00,12497575
3/12/2014 0:00,12505975
3/14/2014 0:00,12513675
3/16/2014 0:00,12522000
3/18/2014 0:00,12530075
3/20/2014 0:00,12538125
3/22/2014 0:00,12547050
3/24/2014 0:00,12557150
3/26/2014 0:00,12564875
3/28/2014 0:00,12573625
3/30/2014 0:00,12581625
4/1/2014 0:00,12590300
4/3/2014 0:00,12600125
4/5/2014 0:00,12609625
4/7/2014 0:00,12616825
4/9/2014 0:00,12624350
4/11/2014 0:00,12632450
4/13/2014 0:00,12641425
4/15/2014 0:00,12650850
4/17/2014 0:00,12658925
4/19/2014 0:00,12666900
4/21/2014 0:00,12675575
4/23/2014 0:00,12683800
4/25/2014 0:00,12691575
4/27/2014 0:00,12700200
4/29/2014 0:00,12708300
5/1/2014 0:00,12716150
5/3/2014 0:00,12724000
5/5/2014 0:00,12730925
5/7/2014 0:00,12739650
5/9/2014 0:00,12747700
5/11/2014 0:00,12756275
5/13/2014 0:00,12764450
5/15/2014 0:00,12772350
5/17/2014 0:00,12781475
5/19/2014 0:00,12789750
5/21/2014 0:00,12798675
5/23/2014 0:00,12806800
5/25/2014 0:00,12814775
5/27/2014 0:00,12822225
5/29/2014 0:00,12829925
5/31/2014 0:00,12837800
6/2/2014 0:00,12846750
6/4/2014 0:00,12856025
6/6/2014 0:00,12863350
6/8/2014 0:00,12870925
6/10/2014 0:00,12878750
6/12/2014 0:00,12886275
6/14/2014 0:00,12894875
6/16/2014 0:00,12904600
6/18/2014 0:00,12913300
6/20/2014 0:00,12921700
6/22/2014 0:00,12931250
6/24/2014 0:00,12940150
6/26/2014 0:00,12949075
6/28/2014 0:00,12958425
6/30/2014 0:00,12965900
7/2/2014 0:00,12972825
7/4/2014 0:00,12980150
7/6/2014 0:00,12987675
7/8/2014 0:00,12995200
7/10/2014 0:00,13003025
7/12/2014 0:00,13010900
7/14/2014 0:00,13018375
7/16/2014 0:00,13025950
7/18/2014 0:00,13034200
7/20/2014 0:00,13042750
7/22/2014 0:00,13050050
7/24/2014 0:00,13057425
7/26/2014 0:00,13064850
7/28/2014 0:00,13072275
7/30/2014 0:00,13080375
8/1/2014 0:00,13088050
8/3/2014 0:00,13096075
8/5/2014 0:00,13102750
8/7/2014 0:00,13110500
8/9/2014 0:00,13118850
8/11/2014 0:00,13127875
8/13/2014 0:00,13136325
8/15/2014 0:00,13144650
8/17/2014 0:00,13153050
8/19/2014 0:00,13162575
8/21/2014 0:00,13170725
8/23/2014 0:00,13178675
8/25/2014 0:00,13186125
8/27/2014 0:00,13194300
8/29/2014 0:00,13202975
8/31/2014 0:00,13212150
9/2/2014 0:00,13219475
9/4/2014 0:00,13227625
9/6/2014 0:00,13235550
9/8/2014 0:00,13243475
9/10/2014 0:00,13250675
9/12/2014 0:00,13258750
9/14/2014 0:00,13267425
9/16/2014 0:00,13275350
9/18/2014 0:00,13284700
9/20/2014 0:00,13293075
9/22/2014 0:00,13301375
9/24/2014 0:00,13309225
9/26/2014 0:00,13317075
9/28/2014 0:00,13323750
9/30/2014 0:00,13331000
10/2/2014 0:00,13338325
10/4/2014 0:00,13345425
10/6/2014 0:00,13353875
10/8/2014 0:00,13360925
10/10/2014 0:00,13368450
10/12/2014 0:00,13375725
10/14/2014 0:00,13383050
10/16/2014 0:00,13390475
10/18/2014 0:00,13398050
10/20/2014 0:00,13404850
10/22/2014 0:00,13412625
10/24/2014 0:00,13420275
10/26/2014 0:00,13427325
10/28/2014 0:00,13434800
10/30/2014 0:00,13442725
11/1/2014 0:00,13451425
11/3/2014 0:00,13459400
11/5/2014 0:00,13467500
11/7/2014 0:00,13474725
11/9/2014 0:00,13482100
11/11/2014 0:00,13489575
11/13/2014 0:00,13496600
11/15/2014 0:00,13504000
11/17/2014 0:00,13511425
11/19/2014 0:00,13518600
11/21/2014 0:00,13525125
11/23/2014 0:00,13532600
11/25/2014 0:00,13539675
11/27/2014 0:00,13546525
11/29/2014 0:00,13554175
12/1/2014 0:00,13561650
12/3/2014 0:00,13568225
12/5/2014 0:00,13575675
12/7/2014 0:00,13582350
12/9/2014 0:00,13589575
12/11/2014 0:00,13597300
12/13/2014 0:00,13604425
12/15/2014 0:00,13611550
12/17/2014 0:00,13618050
12/19/2014 0:00,13624625
12/21/2014 0:00,13631775
12/23/2014 0:00,13639050
12/25/2014 0:00,13647050
12/27/2014 0:00,13654650
12/29/2014 0:00,13663050
12/31/2014 0:00,13670575
1/2/2015 0:00,13678725
1/4/2015 0:00,13686975
1/6/2015 0:00,13695100
1/8/2015 0:00,13702175
1/10/2015 0:00,13709500
1/12/2015 0:00,13717275
1/14/2015 0:00,13723675
1/16/2015 0:00,13730875
1/18/2015 0:00,13738025
1/20/2015 0:00,13744900
1/22/2015 0:00,13752075
1/24/2015 0:00,13758200
1/26/2015 0:00,13764525
1/28/2015 0:00,13772100
1/30/2015 0:00,13779825
2/1/2015 0:00,13787950
2/3/2015 0:00,13795000
2/5/2015 0:00,13802700
2/7/2015 0:00,13811375
2/9/2015 0:00,13818450
2/11/2015 0:00,13825950
2/13/2015 0:00,13832850
2/15/2015 0:00,13840225
2/17/2015 0:00,13848050
2/19/2015 0:00,13856175
2/21/2015 0:00,13863775
2/23/2015 0:00,13870975
2/25/2015 0:00,13878325
2/27/2015 0:00,13885875
3/1/2015 0:00,13893000
3/3/2015 0:00,13900600
3/5/2015 0:00,13907375
3/7/2015 0:00,13914850
3/9/2015 0:00,13922050
3/11/2015 0:00,13929975
3/13/2015 0:00,13936775
3/15/2015 0:00,13943800
3/17/2015 0:00,13950650
3/19/2015 0:00,13957750
3/21/2015 0:00,13964850
3/23/2015 0:00,13971975
3/25/2015 0:00,13980300
3/27/2015 0:00,13988325
3/29/2015 0:00,13995850
3/31/2015 0:00,14003125
4/2/2015 0:00,14010350
4/4/2015 0:00,14017975
4/6/2015 0:00,14024975
4/8/2015 0:00,14031925
4/10/2015 0:00,14039050
4/12/2015 0:00,14045875
4/14/2015 0:00,14053350
4/16/2015 0:00,14059875
4/18/2015 0:00,14066550
4/20/2015 0:00,14074100
4/22/2015 0:00,14081650
4/24/2015 0:00,14088100
4/26/2015 0:00,14095675
4/28/2015 0:00,14103050
4/30/2015 0:00,14109600
5/2/2015 0:00,14116950
5/4/2015 0:00,14123700
5/6/2015 0:00,14131125
5/8/2015 0:00,14138850
5/10/2015 0:00,14145225
5/12/2015 0:00,14152900
5/14/2015 0:00,14160450
5/16/2015 0:00,14167775
5/18/2015 0:00,14175525
5/20/2015 0:00,14182475
5/22/2015 0:00,14189850
5/24/2015 0:00,14196375
5/26/2015 0:00,14203350
5/28/2015 0:00,14210275
5/30/2015 0:00,14217300
6/1/2015 0:00,14224400
6/3/2015 0:00,14231600
6/5/2015 0:00,14238700
6/7/2015 0:00,14246900
6/9/2015 0:00,14254475
6/11/2015 0:00,14262300
6/13/2015 0:00,14269650
6/15/2015 0:00,14277025
6/17/2015 0:00,14283650
6/19/2015 0:00,14291525
6/21/2015 0:00,14297925
6/23/2015 0:00,14305200
6/25/2015 0:00,14312975
6/27/2015 0:00,14319875
6/29/2015 0:00,14326975
7/1/2015 0:00,14334175
7/3/2015 0:00,14341725
7/5/2015 0:00,14349225
7/7/2015 0:00,14357175
7/9/2015 0:00,14364475
7/11/2015 0:00,14372000
7/13/2015 0:00,14379075
7/15/2015 0:00,14386400
7/17/2015 0:00,14393400
7/19/2015 0:00,14400975
7/21/2015 0:00,14408075
7/23/2015 0:00,14415475
7/25/2015 0:00,14423500
7/27/2015 0:00,14430825
7/29/2015 0:00,14438100
7/31/2015 0:00,14445000
8/2/2015 0:00,14453025
8/4/2015 0:00,14460300
8/6/2015 0:00,14466950
8/8/2015 0:00,14474425
8/10/2015 0:00,14482175
8/12/2015 0:00,14489475
8/14/2015 0:00,14496550
8/16/2015 0:00,14503575
8/18/2015 0:00,14510800
8/20/2015 0:00,14518475
8/22/2015 0:00,14526150
8/24/2015 0:00,14533500
8/26/2015 0:00,14540825
8/28/2015 0:00,14548275
8/30/2015 0:00,14556000
9/1/2015 0:00,14563775
9/3/2015 0:00,14571400
9/5/2015 0:00,14578975
9/7/2015 0:00,14586350
9/9/2015 0:00,14593350
9/11/2015 0:00,14601900
9/13/2015 0:00,14608800
9/15/2015 0:00,14616850
9/17/2015 0:00,14624100
9/19/2015 0:00,14631000
9/21/2015 0:00,14637300
9/23/2015 0:00,14645050
9/25/2015 0:00,14652725
9/27/2015 0:00,14660125
9/29/2015 0:00,14667925
10/1/2015 0:00,14675650
10/3/2015 0:00,14682575
10/5/2015 0:00,14690050
10/7/2015 0:00,14697150
10/9/2015 0:00,14703900
10/11/2015 0:00,14711375
10/13/2015 0:00,14718225
10/15/2015 0:00,14726100
10/17/2015 0:00,14733250
10/19/2015 0:00,14740975
10/21/2015 0:00,14747775
10/23/2015 0:00,14755550
10/25/2015 0:00,14762900
10/27/2015 0:00,14770650
10/29/2015 0:00,14777750
10/31/2015 0:00,14785650
11/2/2015 0:00,14793250
11/4/2015 0:00,14801075
11/6/2015 0:00,14808225
11/8/2015 0:00,14815800
11/10/2015 0:00,14823050
11/12/2015 0:00,14831125
11/14/2015 0:00,14839100
11/16/2015 0:00,14847125
11/18/2015 0:00,14854650
11/20/2015 0:00,14862125
11/22/2015 0:00,14870925
11/24/2015 0:00,14878725
11/26/2015 0:00,14886625
11/28/2015 0:00,14894000
11/30/2015 0:00,14901675
12/2/2015 0:00,14910150
12/4/2015 0:00,14917400
12/6/2015 0:00,14925900
12/8/2015 0:00,14933650
12/10/2015 0:00,14942975
12/12/2015 0:00,14951525
12/14/2015 0:00,14959650
12/16/2015 0:00,14968675
12/18/2015 0:00,14976650
12/20/2015 0:00,14984750
12/22/2015 0:00,14992125
12/24/2015 0:00,14999975
12/26/2015 0:00,15007975
12/28/2015 0:00,15016875
12/30/2015 0:00,15025000
1/1/2016 0:00,15031975
1/3/2016 0:00,15039125
1/5/2016 0:00,15047575
1/7/2016 0:00,15054575
1/9/2016 0:00,15062925
1/11/2016 0:00,15071425
1/13/2016 0:00,15079650
1/15/2016 0:00,15086025
1/17/2016 0:00,15092975
1/19/2016 0:00,15101075
1/21/2016 0:00,15108075
1/23/2016 0:00,15116675
1/25/2016 0:00,15125150
1/27/2016 0:00,15133100
1/29/2016 0:00,15141050
1/31/2016 0:00,15149950
2/2/2016 0:00,15158450
2/4/2016 0:00,15167425
2/6/2016 0:00,15176700
2/8/2016 0:00,15185275
2/10/2016 0:00,15193725
2/12/2016 0:00,15202500
2/14/2016 0:00,15210825
2/16/2016 0:00,15218250
2/18/2016 0:00,15226250
2/20/2016 0:00,15233675
2/22/2016 0:00,15240075
2/24/2016 0:00,15246525
2/26/2016 0:00,15253900
2/28/2016 0:00,15260900
3/1/2016 0:00,15267475
3/3/2016 0:00,15274725
3/5/2016 0:00,15282500
3/7/2016 0:00,15289850
3/9/2016 0:00,15297325
3/11/2016 0:00,15305425
3/13/2016 0:00,15312325
3/15/2016 0:00,15319900
3/17/2016 0:00,15327525
3/19/2016 0:00,15334350
3/21/2016 0:00,15341275
3/23/2016 0:00,15348775
3/25/2016 0:00,15356175
3/27/2016 0:00,15363675
3/29/2016 0:00,15371475
3/31/2016 0:00,15378575
4/2/2016 0:00,15385750
4/4/2016 0:00,15393525
4/6/2016 0:00,15401125
4/8/2016 0:00,15408300
4/10/2016 0:00,15416700
4/12/2016 0:00,15424275
4/14/2016 0:00,15432325
4/16/2016 0:00,15439525
4/18/2016 0:00,15446725
4/20/2016 0:00,15455525
4/22/2016 0:00,15462875
4/24/2016 0:00,15469775
4/26/2016 0:00,15476725
4/28/2016 0:00,15483325
4/30/2016 0:00,15490925
5/2/2016 0:00,15498725
5/4/2016 0:00,15506675
5/6/2016 0:00,15514600
5/8/2016 0:00,15522500
5/10/2016 0:00,15530775
5/12/2016 0:00,15537575
5/14/2016 0:00,15544975
5/16/2016 0:00,15551975
5/18/2016 0:00,15559325
5/20/2016 0:00,15566050
5/22/2016 0:00,15574175
5/24/2016 0:00,15582350
5/26/2016 0:00,15589175
5/28/2016 0:00,15595975
5/30/2016 0:00,15603250
6/1/2016 0:00,15610000
6/3/2016 0:00,15617000
6/5/2016 0:00,15624225
6/7/2016 0:00,15631975
6/9/2016 0:00,15639700
6/11/2016 0:00,15647200
6/13/2016 0:00,15654875
6/15/2016 0:00,15661975
6/17/2016 0:00,15669425
6/19/2016 0:00,15677800
6/21/2016 0:00,15685625
6/23/2016 0:00,15692350
6/25/2016 0:00,15699625
6/27/2016 0:00,15706950
6/29/2016 0:00,15714300
7/1/2016 0:00,15721925
7/3/2016 0:00,15729500
7/5/2016 0:00,15736900
7/7/2016 0:00,15743825
7/9/2016 0:00,15750587.5
7/11/2016 0:00,15754325
7/13/2016 0:00,15757725
7/15/2016 0:00,15761175
7/17/2016 0:00,15765000
7/19/2016 0:00,15768450
7/21/2016 0:00,15771987.5
7/23/2016 0:00,15775237.5
7/25/2016 0:00,15778425
7/27/2016 0:00,15781637.5
7/29/2016 0:00,15785175
7/31/2016 0:00,15788587.5
8/2/2016 0:00,15792425
8/4/2016 0:00,15796412.5
8/6/2016 0:00,15800600
8/8/2016 0:00,15804300
8/10/2016 0:00,15807737.5
8/12/2016 0:00,15811475
8/14/2016 0:00,15815550
8/16/2016 0:00,15819062.5
8/18/2016 0:00,15822525
8/20/2016 0:00,15826387.5
8/22/2016 0:00,15830400
8/24/2016 0:00,15834137.5
8/26/2016 0:00,15837412.5
8/28/2016 0:00,15841112.5
8/30/2016 0:00,15845025
9/1/2016 0:00,15848450
9/3/2016 0:00,15851937.5
9/5/2016 0:00,15855925
9/7/2016 0:00,15859525
9/9/2016 0:00,15863100
9/11/2016 0:00,15867087.5
9/13/2016 0:00,15871187.5
9/15/2016 0:00,15875062.5
9/17/2016 0:00,15878837.5
9/19/2016 0:00,15882312.5
9/21/2016 0:00,15886275
9/23/2016 0:00,15889737.5
9/25/2016 0:00,15894125
9/27/2016 0:00,15898125
9/29/2016 0:00,15901762.5
10/1/2016 0:00,15905500
10/3/2016 0:00,15909150
10/5/2016 0:00,15913212.5
10/7/2016 0:00,15917012.5
10/9/2016 0:00,15921125
10/11/2016 0:00,15924412.5
10/13/2016 0:00,15927812.5
10/15/2016 0:00,15931287.5
10/17/2016 0:00,15934475
10/19/2016 0:00,15937975
10/21/2016 0:00,15941700
10/23/2016 0:00,15945362.5
10/25/2016 0:00,15948887.5
10/27/2016 0:00,15952637.5
10/29/2016 0:00,15956400
10/31/2016 0:00,15960337.5
11/2/2016 0:00,15963800
11/4/2016 0:00,15967187.5
11/6/2016 0:00,15970937.5
11/8/2016 0:00,15974875
11/10/2016 0:00,15978812.5
11/12/2016 0:00,15982950
11/14/2016 0:00,15986875
11/16/2016 0:00,15990962.5
11/18/2016 0:00,15994800
11/20/2016 0:00,15998175
11/22/2016 0:00,16001587.5
11/24/2016 0:00,16005450
11/26/2016 0:00,16009262.5
11/28/2016 0:00,16013112.5
11/30/2016 0:00,16016750
12/2/2016 0:00,16020362.5
12/4/2016 0:00,16024362.5
12/6/2016 0:00,16028137.5
12/8/2016 0:00,16032275
12/10/2016 0:00,16035612.5
12/12/2016 0:00,16039900
12/14/2016 0:00,16043862.5
12/16/2016 0:00,16047112.5
12/18/2016 0:00,16050675
12/20/2016 0:00,16054287.5
12/22/2016 0:00,16058262.5
12/24/2016 0:00,16061875
12/26/2016 0:00,16065712.5
12/28/2016 0:00,16069712.5
12/30/2016 0:00,16073550
1/1/2017 0:00,16077350
1/3/2017 0:00,16081387.5
1/5/2017 0:00,16085050
1/7/2017 0:00,16088787.5
1/9/2017 0:00,16092575
1/11/2017 0:00,16096487.5
1/13/2017 0:00,16100512.5
1/15/2017 0:00,16104750
1/17/2017 0:00,16108837.5
1/19/2017 0:00,16112887.5
1/21/2017 0:00,16117512.5
1/23/2017 0:00,16121412.5
1/25/2017 0:00,16125137.5
1/27/2017 0:00,16129200
1/29/2017 0:00,16133187.5
1/31/2017 0:00,16136800
2/2/2017 0:00,16141162.5
2/4/2017 0:00,16144825
2/6/2017 0:00,16148375
2/8/2017 0:00,16152087.5
2/10/2017 0:00,16156037.5
2/12/2017 0:00,16159525
2/14/2017 0:00,16163675
2/16/2017 0:00,16167300
2/18/2017 0:00,16171075
2/20/2017 0:00,16174600
2/22/2017 0:00,16178050
2/24/2017 0:00,16181962.5
2/26/2017 0:00,16186275
2/28/2017 0:00,16189987.5
3/2/2017 0:00,16193750
3/4/2017 0:00,16197287.5
3/6/2017 0:00,16200900
3/8/2017 0:00,16204587.5
3/10/2017 0:00,16208387.5
3/12/2017 0:00,16212187.5
3/14/2017 0:00,16215950
3/16/2017 0:00,16219637.5
3/18/2017 0:00,16223525
3/20/2017 0:00,16227287.5
3/22/2017 0:00,16231050
3/24/2017 0:00,16235100
3/26/2017 0:00,16238837.5
3/28/2017 0:00,16242425
3/30/2017 0:00,16246200
4/1/2017 0:00,16249537.5
4/3/2017 0:00,16253712.5
4/5/2017 0:00,16257300
4/7/2017 0:00,16261162.5
4/9/2017 0:00,16264862.5
4/11/2017 0:00,16268787.5
4/13/2017 0:00,16272150
4/15/2017 0:00,16275762.5
4/17/2017 0:00,16279312.5
4/19/2017 0:00,16282925
4/21/2017 0:00,16286737.5
4/23/2017 0:00,16290462.5
4/25/2017 0:00,16293862.5
4/27/2017 0:00,16297612.5
4/29/2017 0:00,16301475
5/1/2017 0:00,16305237.5
5/3/2017 0:00,16308862.5
5/5/2017 0:00,16312575
5/7/2017 0:00,16316762.5
5/9/2017 0:00,16320950
5/11/2017 0:00,16324487.5
5/13/2017 0:00,16328387.5
5/15/2017 0:00,16332562.5
5/17/2017 0:00,16336150
5/19/2017 0:00,16339975
5/21/2017 0:00,16343875
5/23/2017 0:00,16347800
5/25/2017 0:00,16351762.5
5/27/2017 0:00,16355775
5/29/2017 0:00,16359725
5/31/2017 0:00,16364012.5
6/2/2017 0:00,16367962.5
6/4/2017 0:00,16372375
6/6/2017 0:00,16376312.5
6/8/2017 0:00,16380437.5
6/10/2017 0:00,16384087.5
6/12/2017 0:00,16387750
6/14/2017 0:00,16391262.5
6/16/2017 0:00,16395025
6/18/2017 0:00,16398650
6/20/2017 0:00,16402262.5
6/22/2017 0:00,16405750
6/24/2017 0:00,16409575
6/26/2017 0:00,16412875
6/28/2017 0:00,16416475
6/30/2017 0:00,16419900
7/2/2017 0:00,16424300
7/4/2017 0:00,16428337.5
7/6/2017 0:00,16431975
7/8/2017 0:00,16435887.5
7/10/2017 0:00,16440075
7/12/2017 0:00,16444450
7/14/2017 0:00,16448150
7/16/2017 0:00,16451775
7/18/2017 0:00,16455687.5
7/20/2017 0:00,16459575
7/22/2017 0:00,16463500
7/24/2017 0:00,16467875
7/26/2017 0:00,16471562.5
7/28/2017 0:00,16475362.5
7/30/2017 0:00,16479162.5
8/1/2017 0:00,16482837.5
8/3/2017 0:00,16486462.5
8/5/2017 0:00,16490912.5
8/7/2017 0:00,16494575
8/9/2017 0:00,16498350
8/11/2017 0:00,16501825
8/13/2017 0:00,16505362.5
8/15/2017 0:00,16508887.5
8/17/2017 0:00,16512750
8/19/2017 0:00,16516500
8/21/2017 0:00,16519562.5
8/23/2017 0:00,16522662.5
8/25/2017 0:00,16525187.5
8/27/2017 0:00,16528437.5
8/29/2017 0:00,16531912.5
8/31/2017 0:00,16536050
9/2/2017 0:00,16540275
9/4/2017 0:00,16544387.5
9/6/2017 0:00,16548875
9/8/2017 0:00,16553262.5
9/10/2017 0:00,16557100
9/12/2017 0:00,16561625
9/14/2017 0:00,16566175
9/16/2017 0:00,16570537.5
9/18/2017 0:00,16574325
9/20/2017 0:00,16577737.5
9/22/2017 0:00,16581675
9/24/2017 0:00,16585562.5
9/26/2017 0:00,16588850
9/28/2017 0:00,16592900
9/30/2017 0:00,16596737.5
10/2/2017 0:00,16600237.5
10/4/2017 0:00,16604200
10/6/2017 0:00,16607750
10/8/2017 0:00,16612000
10/10/2017 0:00,16616012.5
10/12/2017 0:00,16619662.5
10/14/2017 0:00,16623125
10/16/2017 0:00,16627737.5
10/18/2017 0:00,16631675
10/20/2017 0:00,16636137.5
10/22/2017 0:00,16640325
10/24/2017 0:00,16644550
10/26/2017 0:00,16649112.5
10/28/2017 0:00,16651475
10/30/2017 0:00,16655237.5
11/1/2017 0:00,16658325
11/3/2017 0:00,16662275
11/5/2017 0:00,16665662.5
11/7/2017 0:00,16669275
11/9/2017 0:00,16672987.5
11/11/2017 0:00,16675487.5
11/13/2017 0:00,16678237.5
11/15/2017 0:00,16681737.5
11/17/2017 0:00,16685725
11/19/2017 0:00,16689425
11/21/2017 0:00,16693775
11/23/2017 0:00,16697587.5
11/25/2017 0:00,16701400
11/27/2017 0:00,16705437.5
11/29/2017 0:00,16709550
12/1/2017 0:00,16713925
12/3/2017 0:00,16718137.5
12/5/2017 0:00,16722625
12/7/2017 0:00,16726862.5
12/9/2017 0:00,16731000
12/11/2017 0:00,16735187.5
12/13/2017 0:00,16739462.5
12/15/2017 0:00,16743887.5
12/17/2017 0:00,16748337.5
12/19/2017 0:00,16752362.5
12/21/2017 0:00,16755712.5
12/23/2017 0:00,16759387.5
12/25/2017 0:00,16762975
12/27/2017 0:00,16766700
12/29/2017 0:00,16770625
12/31/2017 0:00,16774500
1/2/2018 0:00,16778587.5
1/4/2018 0:00,16782650
1/6/2018 0:00,16786537.5
1/8/2018 0:00,16790637.5
1/10/2018 0:00,16794762.5
1/12/2018 0:00,16799400
1/14/2018 0:00,16803200
1/16/2018 0:00,16807062.5
1/18/2018 0:00,16811312.5
1/20/2018 0:00,16815600
1/22/2018 0:00,16820025
1/24/2018 0:00,16824437.5
1/26/2018 0:00,16828350
1/28/2018 0:00,16832287.5
1/30/2018 0:00,16836225
2/1/2018 0:00,16839687.5
2/3/2018 0:00,16843762.5
2/5/2018 0:00,16848300
2/7/2018 0:00,16852187.5
2/9/2018 0:00,16855512.5
2/11/2018 0:00,16859187.5
2/13/2018 0:00,16863312.5
2/15/2018 0:00,16867187.5
2/17/2018 0:00,16871012.5
2/19/2018 0:00,16875062.5
2/21/2018 0:00,16878937.5
2/23/2018 0:00,16882650
2/25/2018 0:00,16886600
2/27/2018 0:00,16890362.5
3/1/2018 0:00,16894362.5
3/3/2018 0:00,16898562.5
3/5/2018 0:00,16902275
3/7/2018 0:00,16906187.5
3/9/2018 0:00,16910037.5
3/11/2018 0:00,16913700
3/13/2018 0:00,16917687.5
3/15/2018 0:00,16921287.5
3/17/2018 0:00,16925100
3/19/2018 0:00,16928925
3/21/2018 0:00,16932412.5
3/23/2018 0:00,16935862.5
3/25/2018 0:00,16939500
3/27/2018 0:00,16943275
3/29/2018 0:00,16946862.5
3/31/2018 0:00,16950487.5
4/2/2018 0:00,16954462.5
4/4/2018 0:00,16958337.5
4/6/2018 0:00,16962012.5
4/8/2018 0:00,16966275
4/10/2018 0:00,16970162.5
4/12/2018 0:00,16974100
4/14/2018 0:00,16977875
4/16/2018 0:00,16981675
4/18/2018 0:00,16985700
4/20/2018 0:00,16989637.5
4/22/2018 0:00,16993625
4/24/2018 0:00,16997525
4/26/2018 0:00,17000825
4/28/2018 0:00,17004200
4/30/2018 0:00,17008112.5
5/2/2018 0:00,17011837.5
5/4/2018 0:00,17015450
5/6/2018 0:00,17019175
5/8/2018 0:00,17022787.5
5/10/2018 0:00,17026712.5
5/12/2018 0:00,17030362.5
5/14/2018 0:00,17033862.5
5/16/2018 0:00,17037925
5/18/2018 0:00,17041425
5/20/2018 0:00,17045150
5/22/2018 0:00,17049000
5/24/2018 0:00,17052812.5
5/26/2018 0:00,17057037.5
5/28/2018 0:00,17061037.5
5/30/2018 0:00,17064950
6/1/2018 0:00,17069150
6/3/2018 0:00,17073087.5
6/5/2018 0:00,17077562.5
6/7/2018 0:00,17081187.5
6/9/2018 0:00,17084787.5
6/11/2018 0:00,17088125
6/13/2018 0:00,17091725
6/15/2018 0:00,17095550
6/17/2018 0:00,17099587.5
6/19/2018 0:00,17103575
6/21/2018 0:00,17107637.5
6/23/2018 0:00,17111525
6/25/2018 0:00,17115625
6/27/2018 0:00,17118962.5
6/29/2018 0:00,17122812.5
7/1/2018 0:00,17126412.5
7/3/2018 0:00,17129625
7/5/2018 0:00,17133012.5
7/7/2018 0:00,17136962.5
7/9/2018 0:00,17140637.5
7/11/2018 0:00,17144187.5
7/13/2018 0:00,17147737.5
7/15/2018 0:00,17151062.5
7/17/2018 0:00,17154550
7/19/2018 0:00,17158862.5
7/21/2018 0:00,17162500
7/23/2018 0:00,17166850
7/25/2018 0:00,17171050
7/27/2018 0:00,17175200
7/29/2018 0:00,17179137.5
7/31/2018 0:00,17182650
8/2/2018 0:00,17186437.5
8/4/2018 0:00,17190712.5
8/6/2018 0:00,17194350
8/8/2018 0:00,17198212.5
8/10/2018 0:00,17202275
8/12/2018 0:00,17206337.5
8/14/2018 0:00,17209912.5
8/16/2018 0:00,17213900
8/18/2018 0:00,17217800
8/20/2018 0:00,17221487.5
8/22/2018 0:00,17225337.5
8/24/2018 0:00,17229025
8/26/2018 0:00,17232875
8/28/2018 0:00,17237100
8/30/2018 0:00,17240762.5
9/1/2018 0:00,17244587.5
9/3/2018 0:00,17248187.5
9/5/2018 0:00,17251412.5
9/7/2018 0:00,17255187.5
9/9/2018 0:00,17259100
9/11/2018 0:00,17262550
9/13/2018 0:00,17266500
9/15/2018 0:00,17269900
9/17/2018 0:00,17273325
9/19/2018 0:00,17277050
9/21/2018 0:00,17280775
9/23/2018 0:00,17284587.5
9/25/2018 0:00,17288550
9/27/2018 0:00,17292075
9/29/2018 0:00,17295900
10/1/2018 0:00,17299912.5
10/3/2018 0:00,17303437.5
10/5/2018 0:00,17306937.5
10/7/2018 0:00,17310275
10/9/2018 0:00,17313587.5
10/11/2018 0:00,17317375
10/13/2018 0:00,17320787.5
10/15/2018 0:00,17324237.5
10/17/2018 0:00,17327650
10/19/2018 0:00,17331150
10/21/2018 0:00,17334662.5
10/23/2018 0:00,17338525
10/25/2018 0:00,17341650
10/27/2018 0:00,17345137.5
10/29/2018 0:00,17348712.5
10/31/2018 0:00,17352675
11/2/2018 0:00,17356387.5
11/4/2018 0:00,17359937.5
11/6/2018 0:00,17363337.5
11/8/2018 0:00,17366475
11/10/2018 0:00,17369700
11/12/2018 0:00,17373275
11/14/2018 0:00,17376462.5
11/16/2018 0:00,17379625
11/18/2018 0:00,17382975
11/20/2018 0:00,17386200
11/22/2018 0:00,17389037.5
11/24/2018 0:00,17392387.5
11/26/2018 0:00,17395362.5
11/28/2018 0:00,17398475
11/30/2018 0:00,17401050
12/2/2018 0:00,17404025
12/4/2018 0:00,17407175
12/6/2018 0:00,17410487.5
12/8/2018 0:00,17413500
12/10/2018 0:00,17416650
